,IDfg,Season,Name,Team,Age,G,AB,PA,H,1B,2B,3B,HR,R,RBI,BB,IBB,SO,HBP,SF,SH,GDP,SB,CS,AVG,GB,FB,LD,IFFB,Pitches,Balls,Strikes,IFH,BU,BUH,BB%,K%,BB/K,OBP,SLG,OPS,ISO,BABIP,GB/FB,LD%,GB%,FB%,IFFB%,HR/FB,IFH%,BUH%,wOBA,wRAA,wRC,Bat,Fld,Rep,Pos,RAR,WAR,Dol,Spd,wRC+,WPA,-WPA,+WPA,RE24,REW,pLI,phLI,PH,WPA/LI,Clutch,FB% (Pitch),FBv,SL%,SLv,CT%,CTv,CB%,CBv,CH%,CHv,SF%,SFv,KN%,KNv,XX%,PO%,wFB,wSL,wCT,wCB,wCH,wSF,wKN,wFB/C,wSL/C,wCT/C,wCB/C,wCH/C,wSF/C,wKN/C,O-Swing%,Z-Swing%,Swing%,O-Contact%,Z-Contact%,Contact%,Zone%,F-Strike%,SwStr%,BsR,FA% (sc),FT% (sc),FC% (sc),FS% (sc),FO% (sc),SI% (sc),SL% (sc),CU% (sc),KC% (sc),EP% (sc),CH% (sc),SC% (sc),KN% (sc),UN% (sc),vFA (sc),vFT (sc),vFC (sc),vFS (sc),vFO (sc),vSI (sc),vSL (sc),vCU (sc),vKC (sc),vEP (sc),vCH (sc),vSC (sc),vKN (sc),FA-X (sc),FT-X (sc),FC-X (sc),FS-X (sc),FO-X (sc),SI-X (sc),SL-X (sc),CU-X (sc),KC-X (sc),EP-X (sc),CH-X (sc),SC-X (sc),KN-X (sc),FA-Z (sc),FT-Z (sc),FC-Z (sc),FS-Z (sc),FO-Z (sc),SI-Z (sc),SL-Z (sc),CU-Z (sc),KC-Z (sc),EP-Z (sc),CH-Z (sc),SC-Z (sc),KN-Z (sc),wFA (sc),wFT (sc),wFC (sc),wFS (sc),wFO (sc),wSI (sc),wSL (sc),wCU (sc),wKC (sc),wEP (sc),wCH (sc),wSC (sc),wKN (sc),wFA/C (sc),wFT/C (sc),wFC/C (sc),wFS/C (sc),wFO/C (sc),wSI/C (sc),wSL/C (sc),wCU/C (sc),wKC/C (sc),wEP/C (sc),wCH/C (sc),wSC/C (sc),wKN/C (sc),O-Swing% (sc),Z-Swing% (sc),Swing% (sc),O-Contact% (sc),Z-Contact% (sc),Contact% (sc),Zone% (sc),Pace,Def,wSB,UBR,Age Rng,Off,Lg,wGDP,Pull%,Cent%,Oppo%,Soft%,Med%,Hard%,TTO%,CH% (pi),CS% (pi),CU% (pi),FA% (pi),FC% (pi),FS% (pi),KN% (pi),SB% (pi),SI% (pi),SL% (pi),XX% (pi),vCH (pi),vCS (pi),vCU (pi),vFA (pi),vFC (pi),vFS (pi),vKN (pi),vSB (pi),vSI (pi),vSL (pi),vXX (pi),CH-X (pi),CS-X (pi),CU-X (pi),FA-X (pi),FC-X (pi),FS-X (pi),KN-X (pi),SB-X (pi),SI-X (pi),SL-X (pi),XX-X (pi),CH-Z (pi),CS-Z (pi),CU-Z (pi),FA-Z (pi),FC-Z (pi),FS-Z (pi),KN-Z (pi),SB-Z (pi),SI-Z (pi),SL-Z (pi),XX-Z (pi),wCH (pi),wCS (pi),wCU (pi),wFA (pi),wFC (pi),wFS (pi),wKN (pi),wSB (pi),wSI (pi),wSL (pi),wXX (pi),wCH/C (pi),wCS/C (pi),wCU/C (pi),wFA/C (pi),wFC/C (pi),wFS/C (pi),wKN/C (pi),wSB/C (pi),wSI/C (pi),wSL/C (pi),wXX/C (pi),O-Swing% (pi),Z-Swing% (pi),Swing% (pi),O-Contact% (pi),Z-Contact% (pi),Contact% (pi),Zone% (pi),Pace (pi),FRM,AVG+,BB%+,K%+,OBP+,SLG+,ISO+,BABIP+,LD+%,GB%+,FB%+,HR/FB%+,Pull%+,Cent%+,Oppo%+,Soft%+,Med%+,Hard%+,EV,LA,Barrels,Barrel%,maxEV,HardHit,HardHit%,Events,CStr%,CSW%,xBA,xSLG,xwOBA
0,1109,1992,Barry Bonds,PIT,27,140,473,612,147,72,36,5,34,109,103,127,32,69,5,7,0,9,39,8,0.311,,,,,,,,,,,0.20800000000000002,0.113,1.84,0.456,0.624,1.08,0.313,0.3,,,,,,,,,0.459,65.4,131,65.4,6.0,17.3,-6.4,88.3,9.6,,6.7,198,5.92,-9.42,15.34,73.66,8.28,1.14,4.79,2,6.8,-1.59,,,,,,,,,,,,,,,,,,,,,,,,,,,,,,,,,,,,,,,,4.6,,,,,,,,,,,,,,,,,,,,,,,,,,,,,,,,,,,,,,,,,,,,,,,,,,,,,,,,,,,,,,,,,,,,,,,,,,,,,,,,,,,,,,,,-0.4,4.6,,27 - 27,70.0,1.4,,,,,,,,0.376,,,,,,,,,,,,,,,,,,,,,,,,,,,,,,,,,,,,,,,,,,,,,,,,,,,,,,,,,,,,,,,,,,,,,,,,,,,,120,245,78,140,164,256,104,,,,,,,,,,,,,,,,,,0,,,,,
11,1011411,1992,Ryne Sandberg,CHC,32,158,612,687,186,120,32,8,26,100,87,68,4,73,1,6,0,13,17,6,0.304,,,,,,,,,,,0.099,0.106,0.93,0.371,0.51,0.881,0.206,0.308,,,,,,,,,0.391,38.6,113,35.8,9.0,19.4,1.9,68.6,7.4,,5.7,148,5.8,-10.99,16.79,46.24,5.29,1.05,2.3,1,5.52,0.0,,,,,,,,,,,,,,,,,,,,,,,,,,,,,,,,,,,,,,,,0.9,,,,,,,,,,,,,,,,,,,,,,,,,,,,,,,,,,,,,,,,,,,,,,,,,,,,,,,,,,,,,,,,,,,,,,,,,,,,,,,,,,,,,,,,10.9,0.9,,32 - 32,36.7,1.6,,,,,,,,0.243,,,,,,,,,,,,,,,,,,,,,,,,,,,,,,,,,,,,,,,,,,,,,,,,,,,,,,,,,,,,,,,,,,,,,,,,,,,,117,117,74,114,134,168,107,,,,,,,,,,,,,,,,,,0,,,,,
6,1003010,1992,Darren Daulton,PHI,30,145,485,585,131,67,32,5,27,80,109,88,11,103,6,6,0,3,11,2,0.27,,,,,,,,,,,0.15,0.17600000000000002,0.85,0.385,0.524,0.908,0.254,0.288,,,,,,,,,0.399,36.2,99,35.8,3.0,16.5,8.2,66.2,7.2,,5.4,156,4.04,-9.98,14.01,51.64,5.5,1.13,3.04,6,4.17,-0.59,,,,,,,,,,,,,,,,,,,,,,,,,,,,,,,,,,,,,,,,1.3,,,,,,,,,,,,,,,,,,,,,,,,,,,,,,,,,,,,,,,,,,,,,,,,,,,,,,,,,,,,,,,,,,,,,,,,,,,,,,,,,,,,,,,,11.2,1.3,,30 - 30,37.1,1.4,,,,,,,,0.373,,,,,,,,,,,,,,,,,,,,,,,,,,,,,,,,,,,,,,,,,,,,,,,,,,,,,,,,,,,,,,,,,,,,,,,,,,,,104,178,122,118,137,207,100,,,,,,,,,,,,,,,,,,0,,,,,
1,255,1992,Frank Thomas,CHW,24,160,573,711,185,113,46,2,24,108,115,122,6,88,5,11,0,19,6,3,0.323,,,,,,,,,,,0.172,0.124,1.39,0.439,0.536,0.975,0.213,0.341,,,,,,,,,0.432,61.7,138,60.2,-8.0,20.1,-9.9,64.3,7.1,,3.4,175,6.58,-11.41,17.99,62.33,6.64,1.1,1.04,1,7.06,-1.1,,,,,,,,,,,,,,,,,,,,,,,,,,,,,,,,,,,,,,,,-0.2,,,,,,,,,,,,,,,,,,,,,,,,,,,,,,,,,,,,,,,,,,,,,,,,,,,,,,,,,,,,,,,,,,,,,,,,,,,,,,,,,,,,,,,,-17.9,-0.2,,24 - 24,60.0,2.0,,,,,,,,0.32899999999999996,,,,,,,,,,,,,,,,,,,,,,,,,,,,,,,,,,,,,,,,,,,,,,,,,,,,,,,,,,,,,,,,,,,,,,,,,,,,124,194,88,134,139,169,120,,,,,,,,,,,,,,,,,,0,,,,,
2,114,1992,Gary Sheffield,SDP,23,146,557,618,184,114,34,3,33,87,100,48,5,40,6,7,0,19,5,6,0.33,,,,,,,,,,,0.078,0.065,1.2,0.385,0.58,0.965,0.25,0.308,,,,,,,,,0.425,50.1,117,48.4,-8.0,17.5,1.3,59.1,6.5,,3.2,172,5.56,-9.07,14.63,51.37,5.62,0.98,2.26,2,5.22,0.45,,,,,,,,,,,,,,,,,,,,,,,,,,,,,,,,,,,,,,,,-1.5,,,,,,,,,,,,,,,,,,,,,,,,,,,,,,,,,,,,,,,,,,,,,,,,,,,,,,,,,,,,,,,,,,,,,,,,,,,,,,,,,,,,,,,,-6.7,-1.5,,23 - 23,46.9,1.4,,,,,,,,0.196,,,,,,,,,,,,,,,,,,,,,,,,,,,,,,,,,,,,,,,,,,,,,,,,,,,,,,,,,,,,,,,,,,,,,,,,,,,,127,92,45,119,152,204,106,,,,,,,,,,,,,,,,,,0,,,,,
9,1013363,1992,Andy Van Slyke,PIT,31,154,614,686,199,128,45,12,14,103,89,58,4,99,4,9,0,9,12,3,0.324,,,,,,,,,,,0.085,0.14400000000000002,0.59,0.381,0.505,0.886,0.181,0.363,,,,,,,,,0.393,39.2,113,39.2,-4.0,19.4,2.4,59.6,6.5,,6.5,152,4.38,-10.81,15.19,47.24,5.35,1.05,,0,4.57,-0.4,,,,,,,,,,,,,,,,,,,,,,,,,,,,,,,,,,,,,,,,1.1,,,,,,,,,,,,,,,,,,,,,,,,,,,,,,,,,,,,,,,,,,,,,,,,,,,,,,,,,,,,,,,,,,,,,,,,,,,,,,,,,,,,,,,,-1.6,1.1,,31 - 31,40.3,1.6,,,,,,,,0.249,,,,,,,,,,,,,,,,,,,,,,,,,,,,,,,,,,,,,,,,,,,,,,,,,,,,,,,,,,,,,,,,,,,,,,,,,,,,125,100,100,117,132,148,126,,,,,,,,,,,,,,,,,,0,,,,,
4,1008559,1992,Mark McGwire,OAK,28,139,467,571,125,61,22,0,42,87,104,90,12,105,5,9,0,10,0,1,0.268,,,,,,,,,,,0.158,0.184,0.86,0.385,0.585,0.97,0.317,0.252,,,,,,,,,0.42,44.3,106,45.5,4.0,16.1,-8.1,58.6,6.3,,1.3,171,3.86,-9.02,12.88,43.7,4.63,1.02,2.05,1,4.46,-0.66,,,,,,,,,,,,,,,,,,,,,,,,,,,,,,,,,,,,,,,,-0.5,,,,,,,,,,,,,,,,,,,,,,,,,,,,,,,,,,,,,,,,,,,,,,,,,,,,,,,,,,,,,,,,,,,,,,,,,,,,,,,,,,,,,,,,-4.1,-0.5,,28 - 28,44.9,1.6,,,,,,,,0.415,,,,,,,,,,,,,,,,,,,,,,,,,,,,,,,,,,,,,,,,,,,,,,,,,,,,,,,,,,,,,,,,,,,,,,,,,,,,103,178,131,117,152,252,88,,,,,,,,,,,,,,,,,,0,,,,,
17,860,1992,Roberto Alomar,TOR,24,152,571,671,177,134,27,8,8,105,76,87,5,52,5,2,6,8,49,9,0.31,,,,,,,,,,,0.13,0.077,1.67,0.405,0.427,0.832,0.117,0.329,,,,,,,,,0.379,31.3,104,26.8,1.0,19.0,1.6,56.5,6.1,,7.3,135,4.56,-9.94,14.5,44.57,4.54,0.99,7.26,1,3.48,1.12,,,,,,,,,,,,,,,,,,,,,,,,,,,,,,,,,,,,,,,,6.1,,,,,,,,,,,,,,,,,,,,,,,,,,,,,,,,,,,,,,,,,,,,,,,,,,,,,,,,,,,,,,,,,,,,,,,,,,,,,,,,,,,,,,,,2.6,6.1,,24 - 24,33.0,1.9,,,,,,,,0.21899999999999997,,,,,,,,,,,,,,,,,,,,,,,,,,,,,,,,,,,,,,,,,,,,,,,,,,,,,,,,,,,,,,,,,,,,,,,,,,,,120,146,55,123,111,93,116,,,,,,,,,,,,,,,,,,0,,,,,
32,854,1992,Robin Ventura,CHW,24,157,592,694,167,112,38,1,16,85,93,93,9,71,0,8,1,16,2,4,0.282,,,,,,,,,,,0.134,0.102,1.31,0.375,0.431,0.806,0.149,0.294,,,,,,,,,0.362,23.8,99,22.4,13.0,19.6,1.4,57.0,6.1,,2.0,129,2.92,-11.17,14.08,32.13,3.4,1.03,,0,2.57,0.26,,,,,,,,,,,,,,,,,,,,,,,,,,,,,,,,,,,,,,,,-1.3,,,,,,,,,,,,,,,,,,,,,,,,,,,,,,,,,,,,,,,,,,,,,,,,,,,,,,,,,,,,,,,,,,,,,,,,,,,,,,,,,,,,,,,,14.4,-1.3,,24 - 24,21.0,2.0,,,,,,,,0.259,,,,,,,,,,,,,,,,,,,,,,,,,,,,,,,,,,,,,,,,,,,,,,,,,,,,,,,,,,,,,,,,,,,,,,,,,,,,109,151,73,114,112,118,103,,,,,,,,,,,,,,,,,,0,,,,,
3,1086,1992,Edgar Martinez,SEA,29,135,528,592,181,114,46,3,18,100,73,54,2,61,4,5,1,15,14,4,0.343,,,,,,,,,,,0.091,0.10300000000000001,0.89,0.404,0.544,0.948,0.201,0.359,,,,,,,,,0.421,46.6,111,43.5,-6.0,16.7,-2.3,54.8,6.0,,5.3,165,3.95,-8.93,12.88,38.22,3.93,0.98,1.07,3,3.94,0.1,,,,,,,,,,,,,,,,,,,,,,,,,,,,,,,,,,,,,,,,1.1,,,,,,,,,,,,,,,,,,,,,,,,,,,,,,,,,,,,,,,,,,,,,,,,,,,,,,,,,,,,,,,,,,,,,,,,,,,,,,,,,,,,,,,,-8.3,1.1,,29 - 29,44.6,1.7,,,,,,,,0.225,,,,,,,,,,,,,,,,,,,,,,,,,,,,,,,,,,,,,,,,,,,,,,,,,,,,,,,,,,,,,,,,,,,,,,,,,,,,132,103,73,123,141,160,126,,,,,,,,,,,,,,,,,,0,,,,,
15,1010557,1992,Kirby Puckett,MIN,32,160,639,696,210,149,38,4,19,104,110,44,13,97,6,6,1,17,17,7,0.329,,,,,,,,,,,0.063,0.139,0.45,0.374,0.49,0.864,0.161,0.361,,,,,,,,,0.381,33.9,109,28.4,3.0,19.7,1.2,54.8,5.9,,5.1,136,2.96,-11.87,14.83,40.66,4.25,1.05,1.7,3,3.26,-0.43,,,,,,,,,,,,,,,,,,,,,,,,,,,,,,,,,,,,,,,,0.5,,,,,,,,,,,,,,,,,,,,,,,,,,,,,,,,,,,,,,,,,,,,,,,,,,,,,,,,,,,,,,,,,,,,,,,,,,,,,,,,,,,,,,,,4.2,0.5,,32 - 32,28.9,2.0,,,,,,,,0.23,,,,,,,,,,,,,,,,,,,,,,,,,,,,,,,,,,,,,,,,,,,,,,,,,,,,,,,,,,,,,,,,,,,,,,,,,,,,127,71,99,114,127,128,127,,,,,,,,,,,,,,,,,,0,,,,,
98,1013862,1992,Devon White,TOR,29,153,641,696,159,109,26,7,17,98,60,47,0,133,5,3,0,9,37,4,0.248,,,,,,,,,,,0.068,0.191,0.35,0.303,0.39,0.693,0.142,0.287,,,,,,,,,0.315,-1.0,74,-5.6,33.0,19.7,2.1,56.9,5.9,,7.8,93,-0.48,-12.1,11.63,-4.62,-0.53,0.96,,0,-0.06,-0.43,,,,,,,,,,,,,,,,,,,,,,,,,,,,,,,,,,,,,,,,5.7,,,,,,,,,,,,,,,,,,,,,,,,,,,,,,,,,,,,,,,,,,,,,,,,,,,,,,,,,,,,,,,,,,,,,,,,,,,,,,,,,,,,,,,,35.1,5.7,,29 - 29,0.1,2.0,,,,,,,,0.28300000000000003,,,,,,,,,,,,,,,,,,,,,,,,,,,,,,,,,,,,,,,,,,,,,,,,,,,,,,,,,,,,,,,,,,,,,,,,,,,,96,76,136,92,101,113,101,,,,,,,,,,,,,,,,,,0,,,,,
65,246,1992,Kenny Lofton,CLE,25,148,576,651,164,136,15,8,5,96,42,68,3,54,2,1,4,7,66,12,0.285,,,,,,,,,,,0.10400000000000001,0.083,1.26,0.362,0.365,0.726,0.08,0.307,,,,,,,,,0.334,8.6,79,5.8,18.0,18.4,2.2,54.6,5.8,,7.9,108,1.86,-11.89,13.75,9.57,0.96,1.09,0.95,3,0.94,0.77,,,,,,,,,,,,,,,,,,,,,,,,,,,,,,,,,,,,,,,,8.4,,,,,,,,,,,,,,,,,,,,,,,,,,,,,,,,,,,,,,,,,,,,,,,,,,,,,,,,,,,,,,,,,,,,,,,,,,,,,,,,,,,,,,,,20.2,8.4,,25 - 25,14.2,1.9,,,,,,,,0.195,,,,,,,,,,,,,,,,,,,,,,,,,,,,,,,,,,,,,,,,,,,,,,,,,,,,,,,,,,,,,,,,,,,,,,,,,,,,110,118,59,110,95,64,108,,,,,,,,,,,,,,,,,,0,,,,,
18,1391,1992,Dave Hollins,PHI,26,156,586,685,158,99,28,4,27,104,93,76,4,110,19,4,0,8,9,6,0.27,,,,,,,,,,,0.111,0.161,0.69,0.369,0.469,0.839,0.2,0.289,,,,,,,,,0.378,31.5,106,31.1,0.0,19.4,1.4,52.8,5.7,,4.7,141,2.44,-11.34,13.78,38.88,4.16,1.01,,0,4.18,-1.76,,,,,,,,,,,,,,,,,,,,,,,,,,,,,,,,,,,,,,,,-0.7,,,,,,,,,,,,,,,,,,,,,,,,,,,,,,,,,,,,,,,,,,,,,,,,,,,,,,,,,,,,,,,,,,,,,,,,,,,,,,,,,,,,,,,,1.4,-0.7,,26 - 26,30.4,1.6,,,,,,,,0.311,,,,,,,,,,,,,,,,,,,,,,,,,,,,,,,,,,,,,,,,,,,,,,,,,,,,,,,,,,,,,,,,,,,,,,,,,,,,104,131,111,114,123,163,100,,,,,,,,,,,,,,,,,,0,,,,,
5,293,1992,Fred McGriff,SDP,28,152,531,632,152,83,30,4,35,79,104,96,23,108,1,4,0,14,8,6,0.286,,,,,,,,,,,0.152,0.171,0.89,0.394,0.556,0.95,0.269,0.298,,,,,,,,,0.411,44.8,113,43.0,-2.0,17.9,-9.2,50.3,5.5,,3.5,162,4.79,-9.77,14.56,49.48,5.46,1.04,0.04,1,5.06,-0.45,,,,,,,,,,,,,,,,,,,,,,,,,,,,,,,,,,,,,,,,-0.9,,,,,,,,,,,,,,,,,,,,,,,,,,,,,,,,,,,,,,,,,,,,,,,,,,,,,,,,,,,,,,,,,,,,,,,,,,,,,,,,,,,,,,,,-11.2,-0.9,,28 - 28,42.1,1.5,,,,,,,,0.37799999999999995,,,,,,,,,,,,,,,,,,,,,,,,,,,,,,,,,,,,,,,,,,,,,,,,,,,,,,,,,,,,,,,,,,,,,,,,,,,,110,179,118,121,146,220,103,,,,,,,,,,,,,,,,,,0,,,,,
37,175,1992,Carlos Baerga,CLE,23,161,657,716,205,152,32,1,20,92,105,35,10,76,13,9,2,15,10,2,0.312,,,,,,,,,,,0.049,0.106,0.46,0.354,0.455,0.809,0.143,0.325,,,,,,,,,0.359,23.0,100,19.9,6.0,20.2,1.9,51.1,5.5,,3.9,125,3.98,-11.64,15.62,34.49,3.42,1.04,,0,2.38,1.46,,,,,,,,,,,,,,,,,,,,,,,,,,,,,,,,,,,,,,,,1.0,,,,,,,,,,,,,,,,,,,,,,,,,,,,,,,,,,,,,,,,,,,,,,,,,,,,,,,,,,,,,,,,,,,,,,,,,,,,,,,,,,,,,,,,7.9,1.0,,23 - 23,20.9,2.1,,,,,,,,0.183,,,,,,,,,,,,,,,,,,,,,,,,,,,,,,,,,,,,,,,,,,,,,,,,,,,,,,,,,,,,,,,,,,,,,,,,,,,,120,55,76,108,118,114,114,,,,,,,,,,,,,,,,,,0,,,,,
40,1406,1992,Tim Raines,CHW,32,144,551,644,162,124,22,9,7,102,54,81,4,48,0,8,4,5,45,6,0.294,,,,,,,,,,,0.126,0.075,1.69,0.38,0.405,0.784,0.111,0.308,,,,,,,,,0.356,19.2,89,17.8,15.0,18.2,-7.3,52.1,5.5,,7.8,125,3.62,-10.06,13.68,36.66,3.94,1.07,3.83,5,3.15,0.24,,,,,,,,,,,,,,,,,,,,,,,,,,,,,,,,,,,,,,,,6.5,,,,,,,,,,,,,,,,,,,,,,,,,,,,,,,,,,,,,,,,,,,,,,,,,,,,,,,,,,,,,,,,,,,,,,,,,,,,,,,,,,,,,,,,7.7,6.5,,32 - 32,24.3,1.9,,,,,,,,0.21100000000000002,,,,,,,,,,,,,,,,,,,,,,,,,,,,,,,,,,,,,,,,,,,,,,,,,,,,,,,,,,,,,,,,,,,,,,,,,,,,113,142,53,116,105,88,108,,,,,,,,,,,,,,,,,,0,,,,,
56,54,1992,Steve Finley,HOU,27,162,607,686,177,130,29,13,5,84,55,58,6,63,3,2,16,10,44,9,0.292,,,,,,,,,,,0.085,0.092,0.92,0.355,0.407,0.762,0.115,0.318,,,,,,,,,0.344,13.9,88,15.9,6.0,19.4,2.3,50.4,5.4,,7.8,121,2.61,-11.5,14.11,17.73,2.12,1.11,1.91,3,2.74,-0.4,,,,,,,,,,,,,,,,,,,,,,,,,,,,,,,,,,,,,,,,5.2,,,,,,,,,,,,,,,,,,,,,,,,,,,,,,,,,,,,,,,,,,,,,,,,,,,,,,,,,,,,,,,,,,,,,,,,,,,,,,,,,,,,,,,,8.3,5.2,,27 - 27,21.1,1.6,,,,,,,,0.184,,,,,,,,,,,,,,,,,,,,,,,,,,,,,,,,,,,,,,,,,,,,,,,,,,,,,,,,,,,,,,,,,,,,,,,,,,,,113,100,64,109,107,94,110,,,,,,,,,,,,,,,,,,0,,,,,
10,327,1992,Ken Griffey Jr.,SEA,22,142,565,617,174,104,39,4,27,83,103,44,15,67,5,3,0,15,10,5,0.308,,,,,,,,,,,0.071,0.109,0.66,0.361,0.535,0.896,0.227,0.31,,,,,,,,,0.391,34.7,101,31.5,-4.0,17.4,1.7,48.3,5.3,,4.5,145,3.67,-9.99,13.66,43.03,4.43,1.05,2.17,3,2.94,0.56,,,,,,,,,,,,,,,,,,,,,,,,,,,,,,,,,,,,,,,,-0.1,,,,,,,,,,,,,,,,,,,,,,,,,,,,,,,,,,,,,,,,,,,,,,,,,,,,,,,,,,,,,,,,,,,,,,,,,,,,,,,,,,,,,,,,-2.3,-0.1,,22 - 22,31.4,1.8,,,,,,,,0.22399999999999998,,,,,,,,,,,,,,,,,,,,,,,,,,,,,,,,,,,,,,,,,,,,,,,,,,,,,,,,,,,,,,,,,,,,,,,,,,,,119,80,77,110,139,180,109,,,,,,,,,,,,,,,,,,0,,,,,
20,455,1992,Larry Walker,MON,25,143,528,583,159,101,31,4,23,85,93,41,10,97,6,8,0,9,18,6,0.301,,,,,,,,,,,0.07,0.166,0.42,0.353,0.506,0.859,0.205,0.327,,,,,,,,,0.377,26.3,89,26.5,10.0,16.5,-6.3,49.2,5.3,,5.7,142,3.16,-10.55,13.71,29.17,3.19,1.08,1.87,4,2.72,0.22,,,,,,,,,,,,,,,,,,,,,,,,,,,,,,,,,,,,,,,,1.2,,,,,,,,,,,,,,,,,,,,,,,,,,,,,,,,,,,,,,,,,,,,,,,,,,,,,,,,,,,,,,,,,,,,,,,,,,,,,,,,,,,,,,,,3.7,1.2,,25 - 25,27.7,1.4,,,,,,,,0.276,,,,,,,,,,,,,,,,,,,,,,,,,,,,,,,,,,,,,,,,,,,,,,,,,,,,,,,,,,,,,,,,,,,,,,,,,,,,116,83,115,109,133,167,113,,,,,,,,,,,,,,,,,,0,,,,,
25,335,1992,Barry Larkin,CIN,28,140,533,609,162,112,32,6,12,76,78,63,8,58,4,7,2,13,15,4,0.304,,,,,,,,,,,0.10300000000000001,0.095,1.09,0.377,0.454,0.831,0.15,0.319,,,,,,,,,0.371,24.7,91,22.9,-2.0,17.2,7.5,48.3,5.3,,5.4,134,3.77,-8.92,12.69,42.5,4.76,1.0,,0,3.43,0.35,,,,,,,,,,,,,,,,,,,,,,,,,,,,,,,,,,,,,,,,1.3,,,,,,,,,,,,,,,,,,,,,,,,,,,,,,,,,,,,,,,,,,,,,,,,,,,,,,,,,,,,,,,,,,,,,,,,,,,,,,,,,,,,,,,,5.5,1.3,,28 - 28,24.2,1.4,,,,,,,,0.218,,,,,,,,,,,,,,,,,,,,,,,,,,,,,,,,,,,,,,,,,,,,,,,,,,,,,,,,,,,,,,,,,,,,,,,,,,,,117,122,66,116,119,123,111,,,,,,,,,,,,,,,,,,0,,,,,
30,364,1992,Brady Anderson,BAL,28,159,623,749,169,110,28,10,21,100,80,98,14,98,9,9,10,2,53,16,0.271,,,,,,,,,,,0.131,0.131,1.0,0.373,0.449,0.823,0.178,0.288,,,,,,,,,0.366,27.8,109,23.8,4.0,21.2,-6.8,48.6,5.3,,7.3,128,2.71,-12.32,15.03,28.94,3.14,1.04,0.81,1,3.3,-0.7,,,,,,,,,,,,,,,,,,,,,,,,,,,,,,,,,,,,,,,,4.3,,,,,,,,,,,,,,,,,,,,,,,,,,,,,,,,,,,,,,,,,,,,,,,,,,,,,,,,,,,,,,,,,,,,,,,,,,,,,,,,,,,,,,,,-2.8,4.3,,28 - 28,28.1,2.2,,,,,,,,0.29,,,,,,,,,,,,,,,,,,,,,,,,,,,,,,,,,,,,,,,,,,,,,,,,,,,,,,,,,,,,,,,,,,,,,,,,,,,,105,148,93,114,117,142,101,,,,,,,,,,,,,,,,,,0,,,,,
12,1007928,1992,Shane Mack,MIN,28,156,600,692,189,136,31,6,16,101,75,64,1,106,15,2,11,9,26,14,0.315,,,,,,,,,,,0.092,0.153,0.6,0.394,0.467,0.86,0.152,0.36,,,,,,,,,0.39,38.1,113,32.7,0.0,19.6,-6.5,47.4,5.2,,5.8,142,3.34,-11.48,14.81,42.25,4.44,1.03,2.51,2,3.19,0.04,,,,,,,,,,,,,,,,,,,,,,,,,,,,,,,,,,,,,,,,-0.4,,,,,,,,,,,,,,,,,,,,,,,,,,,,,,,,,,,,,,,,,,,,,,,,,,,,,,,,,,,,,,,,,,,,,,,,,,,,,,,,,,,,,,,,-6.5,-0.4,,28 - 28,32.3,2.0,,,,,,,,0.26899999999999996,,,,,,,,,,,,,,,,,,,,,,,,,,,,,,,,,,,,,,,,,,,,,,,,,,,,,,,,,,,,,,,,,,,,,,,,,,,,121,104,109,120,121,121,126,,,,,,,,,,,,,,,,,,0,,,,,
33,1010157,1992,Terry Pendleton,ATL,31,160,640,689,199,138,39,1,21,98,105,37,8,67,0,7,5,16,5,2,0.311,,,,,,,,,,,0.054000000000000006,0.09699999999999999,0.55,0.345,0.473,0.818,0.163,0.318,,,,,,,,,0.362,23.6,98,20.7,4.0,19.5,1.4,47.3,5.1,,3.4,127,4.81,-9.97,14.78,44.75,5.04,0.97,0.2,2,3.24,1.73,,,,,,,,,,,,,,,,,,,,,,,,,,,,,,,,,,,,,,,,0.1,,,,,,,,,,,,,,,,,,,,,,,,,,,,,,,,,,,,,,,,,,,,,,,,,,,,,,,,,,,,,,,,,,,,,,,,,,,,,,,,,,,,,,,,5.4,0.1,,31 - 31,20.8,1.6,,,,,,,,0.18100000000000002,,,,,,,,,,,,,,,,,,,,,,,,,,,,,,,,,,,,,,,,,,,,,,,,,,,,,,,,,,,,,,,,,,,,,,,,,,,,120,63,67,106,124,133,110,,,,,,,,,,,,,,,,,,0,,,,,
36,923,1992,David Justice,ATL,26,144,484,571,124,79,19,5,21,78,72,79,8,85,2,6,0,1,2,4,0.256,,,,,,,,,,,0.138,0.149,0.93,0.359,0.446,0.805,0.19,0.268,,,,,,,,,0.36,18.6,80,16.2,22.0,16.1,-6.2,48.2,5.1,,3.8,126,2.15,-8.28,10.42,23.9,2.76,0.96,0.67,5,2.05,0.17,,,,,,,,,,,,,,,,,,,,,,,,,,,,,,,,,,,,,,,,-1.3,,,,,,,,,,,,,,,,,,,,,,,,,,,,,,,,,,,,,,,,,,,,,,,,,,,,,,,,,,,,,,,,,,,,,,,,,,,,,,,,,,,,,,,,15.8,-1.3,,26 - 26,14.9,1.3,,,,,,,,0.324,,,,,,,,,,,,,,,,,,,,,,,,,,,,,,,,,,,,,,,,,,,,,,,,,,,,,,,,,,,,,,,,,,,,,,,,,,,,99,163,103,111,117,155,93,,,,,,,,,,,,,,,,,,0,,,,,
68,652,1992,Marquis Grissom,MON,25,159,653,707,180,121,39,6,14,99,66,42,6,81,5,4,3,12,78,13,0.276,,,,,,,,,,,0.059000000000000004,0.115,0.52,0.322,0.418,0.741,0.142,0.295,,,,,,,,,0.331,7.7,84,7.9,5.0,20.0,2.4,47.4,5.1,,8.0,110,1.6,-13.33,14.93,18.2,2.02,1.06,0.92,1,2.23,-0.72,,,,,,,,,,,,,,,,,,,,,,,,,,,,,,,,,,,,,,,,10.5,,,,,,,,,,,,,,,,,,,,,,,,,,,,,,,,,,,,,,,,,,,,,,,,,,,,,,,,,,,,,,,,,,,,,,,,,,,,,,,,,,,,,,,,7.4,10.5,,25 - 25,18.3,1.6,,,,,,,,0.19399999999999998,,,,,,,,,,,,,,,,,,,,,,,,,,,,,,,,,,,,,,,,,,,,,,,,,,,,,,,,,,,,,,,,,,,,,,,,,,,,106,70,79,99,110,116,102,,,,,,,,,,,,,,,,,,0,,,,,
77,1012186,1992,Ozzie Smith,STL,37,132,518,590,153,131,20,2,0,73,31,59,4,34,0,1,12,11,43,9,0.295,,,,,,,,,,,0.1,0.057999999999999996,1.74,0.367,0.342,0.708,0.046,0.315,,,,,,,,,0.327,4.7,68,4.7,13.0,16.7,7.1,47.9,5.1,,6.0,107,1.04,-10.51,11.55,11.87,1.43,1.15,,0,0.64,0.26,,,,,,,,,,,,,,,,,,,,,,,,,,,,,,,,,,,,,,,,5.0,,,,,,,,,,,,,,,,,,,,,,,,,,,,,,,,,,,,,,,,,,,,,,,,,,,,,,,,,,,,,,,,,,,,,,,,,,,,,,,,,,,,,,,,20.1,5.0,,37 - 37,9.7,1.4,,,,,,,,0.158,,,,,,,,,,,,,,,,,,,,,,,,,,,,,,,,,,,,,,,,,,,,,,,,,,,,,,,,,,,,,,,,,,,,,,,,,,,,114,118,40,113,90,38,109,,,,,,,,,,,,,,,,,,0,,,,,
21,1012939,1992,Mickey Tettleton,DET,31,157,525,654,125,68,25,0,32,82,83,122,18,137,1,6,0,5,0,6,0.238,,,,,,,,,,,0.187,0.209,0.89,0.379,0.469,0.848,0.23,0.257,,,,,,,,,0.375,28.8,99,24.7,1.0,18.5,2.0,45.6,5.0,,1.5,133,2.47,-10.16,12.64,17.19,1.59,0.99,2.2,5,1.59,0.9,,,,,,,,,,,,,,,,,,,,,,,,,,,,,,,,,,,,,,,,-2.5,,,,,,,,,,,,,,,,,,,,,,,,,,,,,,,,,,,,,,,,,,,,,,,,,,,,,,,,,,,,,,,,,,,,,,,,,,,,,,,,,,,,,,,,3.0,-2.5,,31 - 31,22.2,1.9,,,,,,,,0.445,,,,,,,,,,,,,,,,,,,,,,,,,,,,,,,,,,,,,,,,,,,,,,,,,,,,,,,,,,,,,,,,,,,,,,,,,,,,92,210,149,116,122,183,90,,,,,,,,,,,,,,,,,,0,,,,,
16,1044,1992,Ray Lankford,STL,25,153,598,682,175,109,40,6,20,87,86,72,6,147,5,5,2,6,42,24,0.293,,,,,,,,,,,0.106,0.21600000000000003,0.49,0.371,0.48,0.851,0.187,0.356,,,,,,,,,0.379,32.2,106,32.2,-11.0,19.3,2.3,43.5,4.8,,6.2,143,4.82,-13.81,18.63,31.8,3.68,1.22,1.36,1,2.7,1.26,,,,,,,,,,,,,,,,,,,,,,,,,,,,,,,,,,,,,,,,-0.9,,,,,,,,,,,,,,,,,,,,,,,,,,,,,,,,,,,,,,,,,,,,,,,,,,,,,,,,,,,,,,,,,,,,,,,,,,,,,,,,,,,,,,,,-8.7,-0.9,,25 - 25,31.2,1.6,,,,,,,,0.35,,,,,,,,,,,,,,,,,,,,,,,,,,,,,,,,,,,,,,,,,,,,,,,,,,,,,,,,,,,,,,,,,,,,,,,,,,,,113,125,149,114,126,153,123,,,,,,,,,,,,,,,,,,0,,,,,
22,1011023,1992,Bip Roberts,CIN,28,147,532,601,172,128,34,6,4,92,45,62,4,54,2,4,1,7,44,16,0.323,,,,,,,,,,,0.10300000000000001,0.09,1.15,0.393,0.432,0.826,0.109,0.351,,,,,,,,,0.373,25.6,91,23.8,1.0,17.0,-1.8,43.9,4.8,,6.8,136,2.77,-9.56,12.33,29.41,3.28,0.99,1.34,12,2.83,-0.03,,,,,,,,,,,,,,,,,,,,,,,,,,,,,,,,,,,,,,,,2.5,,,,,,,,,,,,,,,,,,,,,,,,,,,,,,,,,,,,,,,,,,,,,,,,,,,,,,,,,,,,,,,,,,,,,,,,,,,,,,,,,,,,,,,,-0.8,2.5,,28 - 28,26.3,1.4,,,,,,,,0.2,,,,,,,,,,,,,,,,,,,,,,,,,,,,,,,,,,,,,,,,,,,,,,,,,,,,,,,,,,,,,,,,,,,,,,,,,,,,125,122,62,121,113,89,122,,,,,,,,,,,,,,,,,,0,,,,,
48,1003242,1992,Mike Devereaux,BAL,29,156,653,710,180,116,29,11,24,76,107,44,1,94,4,9,0,14,10,8,0.276,,,,,,,,,,,0.062,0.132,0.47,0.321,0.464,0.785,0.188,0.287,,,,,,,,,0.349,17.5,94,13.7,7.0,20.1,2.4,44.0,4.7,,5.0,117,1.16,-12.96,14.13,18.71,2.0,1.02,0.16,1,1.89,-0.75,,,,,,,,,,,,,,,,,,,,,,,,,,,,,,,,,,,,,,,,-1.2,,,,,,,,,,,,,,,,,,,,,,,,,,,,,,,,,,,,,,,,,,,,,,,,,,,,,,,,,,,,,,,,,,,,,,,,,,,,,,,,,,,,,,,,9.4,-1.2,,29 - 29,12.5,2.0,,,,,,,,0.228,,,,,,,,,,,,,,,,,,,,,,,,,,,,,,,,,,,,,,,,,,,,,,,,,,,,,,,,,,,,,,,,,,,,,,,,,,,,106,70,94,98,121,150,101,,,,,,,,,,,,,,,,,,0,,,,,
24,1001772,1992,Brett Butler,LAD,35,157,553,676,171,143,14,11,3,86,39,95,2,67,3,1,24,4,41,21,0.309,,,,,,,,,,,0.141,0.099,1.42,0.413,0.391,0.803,0.081,0.347,,,,,,,,,0.372,27.9,101,29.7,-11.0,19.1,2.3,41.6,4.6,,6.8,140,1.94,-11.57,13.51,16.72,1.98,1.12,1.82,4,3.51,-1.78,,,,,,,,,,,,,,,,,,,,,,,,,,,,,,,,,,,,,,,,-0.1,,,,,,,,,,,,,,,,,,,,,,,,,,,,,,,,,,,,,,,,,,,,,,,,,,,,,,,,,,,,,,,,,,,,,,,,,,,,,,,,,,,,,,,,-8.7,-0.1,,35 - 35,29.7,1.6,,,,,,,,0.244,,,,,,,,,,,,,,,,,,,,,,,,,,,,,,,,,,,,,,,,,,,,,,,,,,,,,,,,,,,,,,,,,,,,,,,,,,,,119,166,69,127,102,67,120,,,,,,,,,,,,,,,,,,0,,,,,
39,1010300,1992,Tony Phillips,DET,33,159,606,733,167,122,32,3,10,114,64,114,2,93,1,7,5,13,12,10,0.276,,,,,,,,,,,0.156,0.127,1.23,0.387,0.388,0.775,0.112,0.308,,,,,,,,,0.358,22.7,102,18.1,8.0,20.7,-4.6,42.7,4.6,,4.4,122,2.21,-11.72,13.93,26.52,2.7,0.99,0.84,1,1.96,0.28,,,,,,,,,,,,,,,,,,,,,,,,,,,,,,,,,,,,,,,,-1.7,,,,,,,,,,,,,,,,,,,,,,,,,,,,,,,,,,,,,,,,,,,,,,,,,,,,,,,,,,,,,,,,,,,,,,,,,,,,,,,,,,,,,,,,3.4,-1.7,,33 - 33,16.4,2.1,,,,,,,,0.29600000000000004,,,,,,,,,,,,,,,,,,,,,,,,,,,,,,,,,,,,,,,,,,,,,,,,,,,,,,,,,,,,,,,,,,,,,,,,,,,,106,175,90,118,101,89,108,,,,,,,,,,,,,,,,,,0,,,,,
35,547,1992,Jeff Bagwell,HOU,24,162,586,697,160,102,34,6,18,87,96,84,13,97,12,13,2,17,10,6,0.273,,,,,,,,,,,0.121,0.139,0.87,0.368,0.444,0.812,0.171,0.293,,,,,,,,,0.36,22.9,98,25.0,6.0,19.7,-9.6,42.3,4.5,,4.6,133,5.04,-11.53,16.57,30.7,3.58,1.15,1.43,4,2.97,1.39,,,,,,,,,,,,,,,,,,,,,,,,,,,,,,,,,,,,,,,,-0.5,,,,,,,,,,,,,,,,,,,,,,,,,,,,,,,,,,,,,,,,,,,,,,,,,,,,,,,,,,,,,,,,,,,,,,,,,,,,,,,,,,,,,,,,-3.6,-0.5,,24 - 24,24.5,1.6,,,,,,,,0.28600000000000003,,,,,,,,,,,,,,,,,,,,,,,,,,,,,,,,,,,,,,,,,,,,,,,,,,,,,,,,,,,,,,,,,,,,,,,,,,,,105,142,96,113,116,140,102,,,,,,,,,,,,,,,,,,0,,,,,
54,609,1992,Chuck Knoblauch,MIN,23,155,600,707,178,151,19,6,2,104,56,88,1,60,5,12,2,8,34,13,0.297,,,,,,,,,,,0.124,0.085,1.47,0.384,0.358,0.743,0.062,0.32,,,,,,,,,0.344,14.5,91,8.9,8.0,20.0,1.7,42.3,4.5,,6.3,111,1.0,-11.79,12.79,15.15,1.61,1.02,1.07,1,1.73,-0.75,,,,,,,,,,,,,,,,,,,,,,,,,,,,,,,,,,,,,,,,1.6,,,,,,,,,,,,,,,,,,,,,,,,,,,,,,,,,,,,,,,,,,,,,,,,,,,,,,,,,,,,,,,,,,,,,,,,,,,,,,,,,,,,,,,,9.7,1.6,,23 - 23,10.5,2.0,,,,,,,,0.212,,,,,,,,,,,,,,,,,,,,,,,,,,,,,,,,,,,,,,,,,,,,,,,,,,,,,,,,,,,,,,,,,,,,,,,,,,,,114,140,60,117,93,49,112,,,,,,,,,,,,,,,,,,0,,,,,
106,1006296,1992,Darrin Jackson,SDP,29,155,587,628,146,101,23,5,17,72,70,26,4,106,4,5,6,21,14,3,0.249,,,,,,,,,,,0.040999999999999995,0.16899999999999998,0.25,0.283,0.392,0.675,0.143,0.275,,,,,,,,,0.301,-7.3,61,-9.1,30.0,17.8,2.2,43.9,4.5,,5.9,87,-0.88,-11.8,10.92,-11.69,-1.32,1.03,0.09,2,-0.83,-0.02,,,,,,,,,,,,,,,,,,,,,,,,,,,,,,,,,,,,,,,,1.5,,,,,,,,,,,,,,,,,,,,,,,,,,,,,,,,,,,,,,,,,,,,,,,,,,,,,,,,,,,,,,,,,,,,,,,,,,,,,,,,,,,,,,,,32.2,1.5,,29 - 29,-7.6,1.5,,,,,,,,0.237,,,,,,,,,,,,,,,,,,,,,,,,,,,,,,,,,,,,,,,,,,,,,,,,,,,,,,,,,,,,,,,,,,,,,,,,,,,,96,49,117,87,103,117,95,,,,,,,,,,,,,,,,,,0,,,,,
8,1007184,1992,John Kruk,PHI,31,144,507,607,164,120,30,4,10,86,70,92,8,88,1,7,0,11,3,5,0.323,,,,,,,,,,,0.152,0.145,1.05,0.423,0.458,0.881,0.134,0.37,,,,,,,,,0.396,36.3,102,35.9,-5.0,17.2,-7.9,40.0,4.4,,3.3,154,2.89,-9.99,12.88,43.54,4.74,1.1,2.82,2,3.66,-1.04,,,,,,,,,,,,,,,,,,,,,,,,,,,,,,,,,,,,,,,,-1.5,,,,,,,,,,,,,,,,,,,,,,,,,,,,,,,,,,,,,,,,,,,,,,,,,,,,,,,,,,,,,,,,,,,,,,,,,,,,,,,,,,,,,,,,-12.9,-1.5,,31 - 31,34.3,1.4,,,,,,,,0.313,,,,,,,,,,,,,,,,,,,,,,,,,,,,,,,,,,,,,,,,,,,,,,,,,,,,,,,,,,,,,,,,,,,,,,,,,,,,125,179,100,130,120,110,128,,,,,,,,,,,,,,,,,,0,,,,,
14,1013846,1992,Lou Whitaker,DET,35,130,453,544,126,81,26,0,19,77,71,81,5,46,1,4,5,9,6,4,0.278,,,,,,,,,,,0.149,0.085,1.76,0.386,0.461,0.847,0.183,0.273,,,,,,,,,0.382,26.5,85,23.1,1.0,15.4,0.3,40.8,4.4,,2.9,138,1.88,-8.71,10.59,27.99,2.61,1.04,2.21,7,2.37,-0.57,,,,,,,,,,,,,,,,,,,,,,,,,,,,,,,,,,,,,,,,-0.5,,,,,,,,,,,,,,,,,,,,,,,,,,,,,,,,,,,,,,,,,,,,,,,,,,,,,,,,,,,,,,,,,,,,,,,,,,,,,,,,,,,,,,,,1.3,-0.5,,35 - 35,22.6,1.6,,,,,,,,0.268,,,,,,,,,,,,,,,,,,,,,,,,,,,,,,,,,,,,,,,,,,,,,,,,,,,,,,,,,,,,,,,,,,,,,,,,,,,,107,168,60,118,120,146,96,,,,,,,,,,,,,,,,,,0,,,,,
31,56,1992,Mark Grace,CHC,28,158,603,689,185,134,37,5,9,72,79,72,8,36,4,8,2,14,6,1,0.307,,,,,,,,,,,0.10400000000000001,0.052000000000000005,2.0,0.38,0.43,0.809,0.123,0.311,,,,,,,,,0.364,24.3,99,21.5,8.0,19.5,-9.7,41.5,4.4,,4.0,128,3.24,-10.71,13.95,28.74,3.34,1.05,0.13,1,2.77,0.32,,,,,,,,,,,,,,,,,,,,,,,,,,,,,,,,,,,,,,,,0.6,,,,,,,,,,,,,,,,,,,,,,,,,,,,,,,,,,,,,,,,,,,,,,,,,,,,,,,,,,,,,,,,,,,,,,,,,,,,,,,,,,,,,,,,-1.7,0.6,,28 - 28,22.1,1.6,,,,,,,,0.17,,,,,,,,,,,,,,,,,,,,,,,,,,,,,,,,,,,,,,,,,,,,,,,,,,,,,,,,,,,,,,,,,,,,,,,,,,,,118,123,36,117,113,100,108,,,,,,,,,,,,,,,,,,0,,,,,
45,1005166,1992,Tony Gwynn,SDP,32,128,520,569,165,129,27,3,6,77,41,46,12,16,0,3,0,13,3,6,0.317,,,,,,,,,,,0.081,0.027999999999999997,2.88,0.371,0.415,0.786,0.098,0.317,,,,,,,,,0.35,14.4,76,12.8,19.0,16.1,-5.8,41.6,4.4,,3.3,121,1.67,-8.12,9.8,13.8,1.51,0.94,2.33,1,1.16,0.62,,,,,,,,,,,,,,,,,,,,,,,,,,,,,,,,,,,,,,,,-1.9,,,,,,,,,,,,,,,,,,,,,,,,,,,,,,,,,,,,,,,,,,,,,,,,,,,,,,,,,,,,,,,,,,,,,,,,,,,,,,,,,,,,,,,,13.2,-1.9,,32 - 32,10.9,1.3,,,,,,,,0.12,,,,,,,,,,,,,,,,,,,,,,,,,,,,,,,,,,,,,,,,,,,,,,,,,,,,,,,,,,,,,,,,,,,,,,,,,,,,122,95,19,114,109,80,110,,,,,,,,,,,,,,,,,,0,,,,,
19,1009040,1992,Paul Molitor,MIL,35,158,609,701,195,140,36,7,12,89,89,73,12,66,3,11,4,13,31,6,0.32,,,,,,,,,,,0.10400000000000001,0.094,1.11,0.389,0.461,0.851,0.141,0.338,,,,,,,,,0.377,31.9,108,29.2,-1.0,19.8,-14.6,39.1,4.3,,6.3,137,4.01,-10.03,14.04,41.49,4.54,1.0,3.77,2,3.77,0.24,,,,,,,,,,,,,,,,,,,,,,,,,,,,,,,,,,,,,,,,3.7,,,,,,,,,,,,,,,,,,,,,,,,,,,,,,,,,,,,,,,,,,,,,,,,,,,,,,,,,,,,,,,,,,,,,,,,,,,,,,,,,,,,,,,,-15.6,3.7,,35 - 35,32.9,2.0,,,,,,,,0.215,,,,,,,,,,,,,,,,,,,,,,,,,,,,,,,,,,,,,,,,,,,,,,,,,,,,,,,,,,,,,,,,,,,,,,,,,,,,123,117,67,119,120,112,118,,,,,,,,,,,,,,,,,,0,,,,,
82,48,1992,Jay Bell,PIT,26,159,632,712,167,116,36,6,9,87,55,55,0,103,4,2,19,12,7,5,0.264,,,,,,,,,,,0.077,0.145,0.53,0.326,0.383,0.709,0.119,0.303,,,,,,,,,0.324,3.8,81,3.9,5.0,20.1,8.7,38.7,4.2,,4.7,105,1.64,-11.29,12.93,13.62,1.55,0.98,,0,0.67,1.0,,,,,,,,,,,,,,,,,,,,,,,,,,,,,,,,,,,,,,,,-0.7,,,,,,,,,,,,,,,,,,,,,,,,,,,,,,,,,,,,,,,,,,,,,,,,,,,,,,,,,,,,,,,,,,,,,,,,,,,,,,,,,,,,,,,,13.7,-0.7,,26 - 26,3.2,1.7,,,,,,,,0.235,,,,,,,,,,,,,,,,,,,,,,,,,,,,,,,,,,,,,,,,,,,,,,,,,,,,,,,,,,,,,,,,,,,,,,,,,,,,102,91,100,100,100,97,105,,,,,,,,,,,,,,,,,,0,,,,,
70,385,1992,Travis Fryman,DET,23,161,659,721,175,120,31,4,20,87,96,45,1,144,6,6,5,13,8,4,0.266,,,,,,,,,,,0.062,0.2,0.31,0.316,0.416,0.731,0.15,0.309,,,,,,,,,0.33,7.1,85,2.6,6.0,20.4,7.7,38.6,4.1,,4.5,103,-1.43,-13.5,12.07,2.0,0.44,1.01,,0,0.5,-1.92,,,,,,,,,,,,,,,,,,,,,,,,,,,,,,,,,,,,,,,,-0.1,,,,,,,,,,,,,,,,,,,,,,,,,,,,,,,,,,,,,,,,,,,,,,,,,,,,,,,,,,,,,,,,,,,,,,,,,,,,,,,,,,,,,,,,13.7,-0.1,,23 - 23,2.5,2.1,,,,,,,,0.29,,,,,,,,,,,,,,,,,,,,,,,,,,,,,,,,,,,,,,,,,,,,,,,,,,,,,,,,,,,,,,,,,,,,,,,,,,,,102,70,142,96,108,120,108,,,,,,,,,,,,,,,,,,0,,,,,
57,549,1992,Craig Biggio,HOU,26,162,613,721,170,129,32,3,6,96,39,94,9,95,7,2,5,5,38,15,0.277,,,,,,,,,,,0.13,0.132,0.99,0.378,0.369,0.747,0.091,0.319,,,,,,,,,0.344,14.5,92,16.7,-7.0,20.4,1.9,35.4,3.9,,5.7,121,2.53,-10.92,13.46,24.63,2.85,1.02,1.18,2,2.46,0.01,,,,,,,,,,,,,,,,,,,,,,,,,,,,,,,,,,,,,,,,1.6,,,,,,,,,,,,,,,,,,,,,,,,,,,,,,,,,,,,,,,,,,,,,,,,,,,,,,,,,,,,,,,,,,,,,,,,,,,,,,,,,,,,,,,,-5.1,1.6,,26 - 26,18.4,1.7,,,,,,,,0.27,,,,,,,,,,,,,,,,,,,,,,,,,,,,,,,,,,,,,,,,,,,,,,,,,,,,,,,,,,,,,,,,,,,,,,,,,,,,107,154,91,117,97,75,110,,,,,,,,,,,,,,,,,,0,,,,,
13,1014127,1992,Dave Winfield,TOR,40,156,583,670,169,107,33,3,26,92,108,82,10,89,1,3,1,10,2,3,0.29,,,,,,,,,,,0.122,0.133,0.92,0.377,0.491,0.867,0.201,0.304,,,,,,,,,0.386,34.7,107,30.2,0.0,18.9,-15.2,35.0,3.8,,2.9,140,2.79,-10.45,13.24,39.49,4.05,0.96,,0,3.09,-0.19,,,,,,,,,,,,,,,,,,,,,,,,,,,,,,,,,,,,,,,,-0.9,,,,,,,,,,,,,,,,,,,,,,,,,,,,,,,,,,,,,,,,,,,,,,,,,,,,,,,,,,,,,,,,,,,,,,,,,,,,,,,,,,,,,,,,-15.2,-0.9,,40 - 40,29.3,1.9,,,,,,,,0.294,,,,,,,,,,,,,,,,,,,,,,,,,,,,,,,,,,,,,,,,,,,,,,,,,,,,,,,,,,,,,,,,,,,,,,,,,,,,112,138,95,115,127,160,106,,,,,,,,,,,,,,,,,,0,,,,,
50,1001863,1992,Ken Caminiti,HOU,29,135,506,557,149,103,31,2,13,68,62,44,13,68,1,4,2,14,10,4,0.294,,,,,,,,,,,0.079,0.122,0.65,0.35,0.441,0.79,0.146,0.317,,,,,,,,,0.348,13.3,73,15.0,2.0,15.8,1.2,35.5,3.8,,4.3,125,0.02,-9.96,9.97,6.97,0.92,1.09,2.21,6,1.26,-1.24,,,,,,,,,,,,,,,,,,,,,,,,,,,,,,,,,,,,,,,,0.3,,,,,,,,,,,,,,,,,,,,,,,,,,,,,,,,,,,,,,,,,,,,,,,,,,,,,,,,,,,,,,,,,,,,,,,,,,,,,,,,,,,,,,,,3.2,0.3,,29 - 29,15.3,1.3,,,,,,,,0.22399999999999998,,,,,,,,,,,,,,,,,,,,,,,,,,,,,,,,,,,,,,,,,,,,,,,,,,,,,,,,,,,,,,,,,,,,,,,,,,,,114,93,85,108,116,120,110,,,,,,,,,,,,,,,,,,0,,,,,
66,129,1992,Mike Bordick,OAK,26,154,504,572,151,125,19,4,3,62,48,40,2,59,9,5,14,10,12,6,0.3,,,,,,,,,,,0.07,0.10300000000000001,0.68,0.358,0.371,0.729,0.071,0.331,,,,,,,,,0.334,7.4,69,8.5,4.0,16.2,4.6,34.8,3.8,,4.8,113,-0.07,-9.69,9.63,-2.69,-0.27,1.0,2.06,1,0.23,-0.3,,,,,,,,,,,,,,,,,,,,,,,,,,,,,,,,,,,,,,,,-0.1,,,,,,,,,,,,,,,,,,,,,,,,,,,,,,,,,,,,,,,,,,,,,,,,,,,,,,,,,,,,,,,,,,,,,,,,,,,,,,,,,,,,,,,,8.6,-0.1,,26 - 26,8.4,1.6,,,,,,,,0.17800000000000002,,,,,,,,,,,,,,,,,,,,,,,,,,,,,,,,,,,,,,,,,,,,,,,,,,,,,,,,,,,,,,,,,,,,,,,,,,,,116,79,73,109,96,57,116,,,,,,,,,,,,,,,,,,0,,,,,
7,1012829,1992,Danny Tartabull,NYY,29,123,421,526,112,68,19,0,25,72,85,103,14,115,0,2,0,7,2,2,0.266,,,,,,,,,,,0.196,0.21899999999999997,0.9,0.409,0.489,0.898,0.223,0.307,,,,,,,,,0.399,32.5,89,31.2,-5.0,14.9,-8.9,33.2,3.7,,1.8,152,3.37,-8.07,11.44,40.84,4.18,1.03,1.88,2,3.25,0.03,,,,,,,,,,,,,,,,,,,,,,,,,,,,,,,,,,,,,,,,-0.5,,,,,,,,,,,,,,,,,,,,,,,,,,,,,,,,,,,,,,,,,,,,,,,,,,,,,,,,,,,,,,,,,,,,,,,,,,,,,,,,,,,,,,,,-13.9,-0.5,,29 - 29,30.6,1.5,,,,,,,,0.462,,,,,,,,,,,,,,,,,,,,,,,,,,,,,,,,,,,,,,,,,,,,,,,,,,,,,,,,,,,,,,,,,,,,,,,,,,,,103,221,156,124,127,178,108,,,,,,,,,,,,,,,,,,0,,,,,
23,1002318,1992,Will Clark,SFG,28,144,513,601,154,97,40,1,16,69,73,73,23,82,4,11,0,5,12,7,0.3,,,,,,,,,,,0.121,0.136,0.89,0.384,0.476,0.86,0.175,0.324,,,,,,,,,0.373,25.5,90,27.0,-3.0,17.0,-8.4,33.5,3.7,,3.5,141,3.65,-9.06,12.71,35.62,4.07,1.05,1.56,3,3.5,-0.02,,,,,,,,,,,,,,,,,,,,,,,,,,,,,,,,,,,,,,,,-0.4,,,,,,,,,,,,,,,,,,,,,,,,,,,,,,,,,,,,,,,,,,,,,,,,,,,,,,,,,,,,,,,,,,,,,,,,,,,,,,,,,,,,,,,,-11.4,-0.4,,28 - 28,26.5,1.4,,,,,,,,0.285,,,,,,,,,,,,,,,,,,,,,,,,,,,,,,,,,,,,,,,,,,,,,,,,,,,,,,,,,,,,,,,,,,,,,,,,,,,,116,143,94,118,125,143,112,,,,,,,,,,,,,,,,,,0,,,,,
99,1010978,1992,Cal Ripken,BAL,31,162,637,715,160,116,29,1,14,73,72,64,14,50,7,7,0,13,4,3,0.251,,,,,,,,,,,0.09,0.07,1.28,0.323,0.366,0.689,0.115,0.252,,,,,,,,,0.309,-4.3,73,-8.1,12.0,20.2,8.9,34.5,3.7,,2.6,90,-1.04,-11.33,10.3,-10.41,-1.12,0.94,,0,-0.87,-0.24,,,,,,,,,,,,,,,,,,,,,,,,,,,,,,,,,,,,,,,,-0.5,,,,,,,,,,,,,,,,,,,,,,,,,,,,,,,,,,,,,,,,,,,,,,,,,,,,,,,,,,,,,,,,,,,,,,,,,,,,,,,,,,,,,,,,20.9,-0.5,,31 - 31,-8.6,2.1,,,,,,,,0.179,,,,,,,,,,,,,,,,,,,,,,,,,,,,,,,,,,,,,,,,,,,,,,,,,,,,,,,,,,,,,,,,,,,,,,,,,,,,97,101,50,98,95,91,88,,,,,,,,,,,,,,,,,,0,,,,,
55,275,1992,Delino DeShields,MON,23,135,530,599,155,121,19,8,7,82,56,54,4,108,3,3,9,10,46,15,0.292,,,,,,,,,,,0.09,0.18,0.5,0.359,0.398,0.757,0.106,0.354,,,,,,,,,0.344,12.2,77,12.3,-4.0,16.9,1.6,31.6,3.5,,7.7,119,2.35,-9.97,12.32,17.17,1.95,1.02,,0,1.86,0.45,,,,,,,,,,,,,,,,,,,,,,,,,,,,,,,,,,,,,,,,3.3,,,,,,,,,,,,,,,,,,,,,,,,,,,,,,,,,,,,,,,,,,,,,,,,,,,,,,,,,,,,,,,,,,,,,,,,,,,,,,,,,,,,,,,,-2.4,3.3,,23 - 23,15.6,1.4,,,,,,,,0.282,,,,,,,,,,,,,,,,,,,,,,,,,,,,,,,,,,,,,,,,,,,,,,,,,,,,,,,,,,,,,,,,,,,,,,,,,,,,113,106,125,111,104,86,123,,,,,,,,,,,,,,,,,,0,,,,,
44,1266,1992,Rafael Palmeiro,TEX,27,159,608,701,163,110,27,4,22,84,85,72,8,83,10,6,5,10,2,3,0.268,,,,,,,,,,,0.10300000000000001,0.11800000000000001,0.87,0.352,0.434,0.786,0.166,0.277,,,,,,,,,0.353,19.2,95,16.7,4.0,19.8,-9.7,31.9,3.4,,2.9,121,0.8,-11.7,12.5,18.94,2.03,1.03,2.4,3,1.86,-1.08,,,,,,,,,,,,,,,,,,,,,,,,,,,,,,,,,,,,,,,,-0.9,,,,,,,,,,,,,,,,,,,,,,,,,,,,,,,,,,,,,,,,,,,,,,,,,,,,,,,,,,,,,,,,,,,,,,,,,,,,,,,,,,,,,,,,-5.7,-0.9,,27 - 27,15.8,2.0,,,,,,,,0.252,,,,,,,,,,,,,,,,,,,,,,,,,,,,,,,,,,,,,,,,,,,,,,,,,,,,,,,,,,,,,,,,,,,,,,,,,,,,103,116,84,107,113,132,97,,,,,,,,,,,,,,,,,,0,,,,,
83,1007655,1992,Pat Listach,MIL,24,149,579,649,168,142,19,6,1,93,47,55,0,124,1,2,12,3,54,18,0.29,,,,,,,,,,,0.085,0.191,0.44,0.352,0.349,0.701,0.059,0.366,,,,,,,,,0.324,3.4,74,0.9,-2.0,18.4,7.9,30.8,3.4,,7.5,101,1.0,-10.42,11.42,10.38,1.2,1.01,0.62,1,0.51,0.48,,,,,,,,,,,,,,,,,,,,,,,,,,,,,,,,,,,,,,,,3.7,,,,,,,,,,,,,,,,,,,,,,,,,,,,,,,,,,,,,,,,,,,,,,,,,,,,,,,,,,,,,,,,,,,,,,,,,,,,,,,,,,,,,,,,5.9,3.7,,24 - 24,4.6,1.9,,,,,,,,0.27699999999999997,,,,,,,,,,,,,,,,,,,,,,,,,,,,,,,,,,,,,,,,,,,,,,,,,,,,,,,,,,,,,,,,,,,,,,,,,,,,112,96,136,107,91,47,128,,,,,,,,,,,,,,,,,,0,,,,,
91,411,1992,Omar Vizquel,SEA,25,136,483,527,142,118,20,4,0,49,21,32,0,38,2,1,9,14,15,13,0.294,,,,,,,,,,,0.061,0.07200000000000001,0.84,0.34,0.352,0.692,0.058,0.318,,,,,,,,,0.318,0.4,57,-2.3,13.0,14.9,7.1,32.1,3.4,,4.5,96,-1.63,-9.92,8.29,-14.41,-1.43,1.01,0.87,5,-1.49,-0.12,,,,,,,,,,,,,,,,,,,,,,,,,,,,,,,,,,,,,,,,-2.1,,,,,,,,,,,,,,,,,,,,,,,,,,,,,,,,,,,,,,,,,,,,,,,,,,,,,,,,,,,,,,,,,,,,,,,,,,,,,,,,,,,,,,,,20.1,-2.1,,25 - 25,-4.5,1.5,,,,,,,,0.133,,,,,,,,,,,,,,,,,,,,,,,,,,,,,,,,,,,,,,,,,,,,,,,,,,,,,,,,,,,,,,,,,,,,,,,,,,,,113,68,51,103,91,46,112,,,,,,,,,,,,,,,,,,0,,,,,
100,1006482,1992,Lance Johnson,CHW,28,157,567,611,158,128,15,12,3,67,47,34,4,33,1,5,4,20,41,14,0.279,,,,,,,,,,,0.055999999999999994,0.054000000000000006,1.03,0.318,0.363,0.681,0.085,0.289,,,,,,,,,0.307,-4.6,61,-5.9,14.0,17.3,2.3,32.2,3.4,,7.6,91,-0.91,-11.8,10.89,-15.07,-1.56,1.07,1.08,3,-1.2,0.35,,,,,,,,,,,,,,,,,,,,,,,,,,,,,,,,,,,,,,,,2.7,,,,,,,,,,,,,,,,,,,,,,,,,,,,,,,,,,,,,,,,,,,,,,,,,,,,,,,,,,,,,,,,,,,,,,,,,,,,,,,,,,,,,,,,16.3,2.7,,28 - 28,-3.2,1.8,,,,,,,,0.115,,,,,,,,,,,,,,,,,,,,,,,,,,,,,,,,,,,,,,,,,,,,,,,,,,,,,,,,,,,,,,,,,,,,,,,,,,,,107,63,38,97,94,67,101,,,,,,,,,,,,,,,,,,0,,,,,
29,1093,1992,John Olerud,TOR,23,138,458,537,130,86,28,0,16,68,66,70,11,61,1,7,1,15,1,0,0.284,,,,,,,,,,,0.13,0.114,1.15,0.375,0.45,0.825,0.166,0.294,,,,,,,,,0.366,20.1,78,16.5,3.0,15.2,-7.6,28.7,3.1,,2.0,127,1.59,-8.27,9.85,11.81,1.22,0.95,2.13,9,2.2,-0.54,,,,,,,,,,,,,,,,,,,,,,,,,,,,,,,,,,,,,,,,0.0,,,,,,,,,,,,,,,,,,,,,,,,,,,,,,,,,,,,,,,,,,,,,,,,,,,,,,,,,,,,,,,,,,,,,,,,,,,,,,,,,,,,,,,,-4.6,0.0,,23 - 23,16.6,1.5,,,,,,,,0.27399999999999997,,,,,,,,,,,,,,,,,,,,,,,,,,,,,,,,,,,,,,,,,,,,,,,,,,,,,,,,,,,,,,,,,,,,,,,,,,,,109,147,81,114,117,132,103,,,,,,,,,,,,,,,,,,0,,,,,
63,1099,1992,Ruben Sierra,- - -,26,151,601,656,167,109,34,7,17,83,87,45,12,68,0,10,0,11,14,4,0.278,,,,,,,,,,,0.069,0.10400000000000001,0.66,0.323,0.443,0.766,0.165,0.285,,,,,,,,,0.335,9.2,80,7.6,7.0,18.6,-7.2,29.0,3.1,,5.8,110,-0.07,-11.81,11.74,3.91,0.28,1.05,5.82,1,0.12,-0.18,,,,,,,,,,,,,,,,,,,,,,,,,,,,,,,,,,,,,,,,1.1,,,,,,,,,,,,,,,,,,,,,,,,,,,,,,,,,,,,,,,,,,,,,,,,,,,,,,,,,,,,,,,,,,,,,,,,,,,,,,,,,,,,,,,,-0.2,1.1,,26 - 26,8.7,1.9,,,,,,,,0.198,,,,,,,,,,,,,,,,,,,,,,,,,,,,,,,,,,,,,,,,,,,,,,,,,,,,,,,,,,,,,,,,,,,,,,,,,,,,107,77,74,98,115,131,100,,,,,,,,,,,,,,,,,,0,,,,,
27,1251,1992,Juan Gonzalez,TEX,22,155,584,632,152,83,24,2,43,77,109,35,1,143,5,8,0,16,0,1,0.26,,,,,,,,,,,0.055,0.226,0.24,0.304,0.529,0.833,0.269,0.268,,,,,,,,,0.367,24.1,92,21.9,-15.0,17.9,0.1,26.2,3.0,,1.9,131,2.16,-11.96,14.11,9.03,0.98,1.04,3.05,7,2.42,-0.34,,,,,,,,,,,,,,,,,,,,,,,,,,,,,,,,,,,,,,,,-0.5,,,,,,,,,,,,,,,,,,,,,,,,,,,,,,,,,,,,,,,,,,,,,,,,,,,,,,,,,,,,,,,,,,,,,,,,,,,,,,,,,,,,,,,,-14.9,-0.5,,22 - 22,21.4,1.8,,,,,,,,0.35,,,,,,,,,,,,,,,,,,,,,,,,,,,,,,,,,,,,,,,,,,,,,,,,,,,,,,,,,,,,,,,,,,,,,,,,,,,,100,62,161,93,137,214,94,,,,,,,,,,,,,,,,,,0,,,,,
61,1013023,1992,Robby Thompson,SFG,30,128,443,505,115,75,25,1,14,54,49,43,1,75,8,4,7,8,5,9,0.26,,,,,,,,,,,0.085,0.149,0.57,0.333,0.415,0.749,0.156,0.282,,,,,,,,,0.34,8.8,63,10.0,4.0,14.3,1.4,28.3,3.0,,2.8,118,0.77,-9.4,10.18,13.08,1.56,1.11,1.39,8,1.77,-1.07,,,,,,,,,,,,,,,,,,,,,,,,,,,,,,,,,,,,,,,,-2.6,,,,,,,,,,,,,,,,,,,,,,,,,,,,,,,,,,,,,,,,,,,,,,,,,,,,,,,,,,,,,,,,,,,,,,,,,,,,,,,,,,,,,,,,5.4,-2.6,,30 - 30,7.4,1.2,,,,,,,,0.261,,,,,,,,,,,,,,,,,,,,,,,,,,,,,,,,,,,,,,,,,,,,,,,,,,,,,,,,,,,,,,,,,,,,,,,,,,,,100,101,103,103,109,127,98,,,,,,,,,,,,,,,,,,0,,,,,
71,1032,1992,Ron Gant,ATL,27,153,544,602,141,96,22,6,17,74,80,45,5,101,7,6,0,10,32,10,0.259,,,,,,,,,,,0.075,0.168,0.45,0.321,0.415,0.736,0.156,0.287,,,,,,,,,0.33,5.9,71,3.4,9.0,17.0,-5.4,27.8,3.0,,6.8,105,0.49,-10.27,10.76,12.93,1.44,0.99,2.37,10,1.36,-0.87,,,,,,,,,,,,,,,,,,,,,,,,,,,,,,,,,,,,,,,,2.4,,,,,,,,,,,,,,,,,,,,,,,,,,,,,,,,,,,,,,,,,,,,,,,,,,,,,,,,,,,,,,,,,,,,,,,,,,,,,,,,,,,,,,,,3.6,2.4,,27 - 27,5.8,1.4,,,,,,,,0.271,,,,,,,,,,,,,,,,,,,,,,,,,,,,,,,,,,,,,,,,,,,,,,,,,,,,,,,,,,,,,,,,,,,,,,,,,,,,100,88,116,99,109,128,99,,,,,,,,,,,,,,,,,,0,,,,,
41,1002018,1992,Joe Carter,TOR,32,158,622,683,164,93,30,7,34,97,119,36,4,109,11,13,1,14,12,5,0.264,,,,,,,,,,,0.053,0.16,0.33,0.309,0.498,0.808,0.235,0.264,,,,,,,,,0.355,19.6,93,15.1,-2.0,19.3,-8.5,26.2,2.9,,5.9,120,0.42,-12.67,13.09,15.01,1.51,0.98,1.45,1,1.29,-0.86,,,,,,,,,,,,,,,,,,,,,,,,,,,,,,,,,,,,,,,,0.3,,,,,,,,,,,,,,,,,,,,,,,,,,,,,,,,,,,,,,,,,,,,,,,,,,,,,,,,,,,,,,,,,,,,,,,,,,,,,,,,,,,,,,,,-10.5,0.3,,32 - 32,15.4,2.0,,,,,,,,0.262,,,,,,,,,,,,,,,,,,,,,,,,,,,,,,,,,,,,,,,,,,,,,,,,,,,,,,,,,,,,,,,,,,,,,,,,,,,,102,59,114,94,129,187,93,,,,,,,,,,,,,,,,,,0,,,,,
58,1005272,1992,Darryl Hamilton,MIL,27,128,470,528,140,109,19,7,5,67,62,45,0,42,1,7,4,10,41,14,0.298,,,,,,,,,,,0.085,0.08,1.07,0.356,0.4,0.756,0.102,0.314,,,,,,,,,0.343,10.5,68,8.4,2.0,14.9,-3.9,25.7,2.8,,7.2,114,1.53,-8.57,10.1,19.33,2.1,1.03,3.24,6,1.56,-0.07,,,,,,,,,,,,,,,,,,,,,,,,,,,,,,,,,,,,,,,,2.7,,,,,,,,,,,,,,,,,,,,,,,,,,,,,,,,,,,,,,,,,,,,,,,,,,,,,,,,,,,,,,,,,,,,,,,,,,,,,,,,,,,,,,,,-1.9,2.7,,27 - 27,11.1,1.5,,,,,,,,0.174,,,,,,,,,,,,,,,,,,,,,,,,,,,,,,,,,,,,,,,,,,,,,,,,,,,,,,,,,,,,,,,,,,,,,,,,,,,,115,96,57,108,104,81,110,,,,,,,,,,,,,,,,,,0,,,,,
43,1004822,1992,Leo Gomez,BAL,26,137,468,552,124,83,24,0,17,62,64,63,4,78,8,8,5,14,2,3,0.265,,,,,,,,,,,0.114,0.141,0.81,0.356,0.425,0.782,0.16,0.281,,,,,,,,,0.353,15.1,75,12.2,-5.0,15.6,1.3,24.7,2.7,,1.8,120,0.27,-9.7,9.97,10.47,1.14,1.03,,0,1.21,-0.95,,,,,,,,,,,,,,,,,,,,,,,,,,,,,,,,,,,,,,,,-0.9,,,,,,,,,,,,,,,,,,,,,,,,,,,,,,,,,,,,,,,,,,,,,,,,,,,,,,,,,,,,,,,,,,,,,,,,,,,,,,,,,,,,,,,,-3.7,-0.9,,26 - 26,11.3,1.6,,,,,,,,0.28600000000000003,,,,,,,,,,,,,,,,,,,,,,,,,,,,,,,,,,,,,,,,,,,,,,,,,,,,,,,,,,,,,,,,,,,,,,,,,,,,102,129,101,109,110,128,98,,,,,,,,,,,,,,,,,,0,,,,,
60,1003091,1992,Andre Dawson,CHC,37,143,542,582,150,99,27,2,22,60,90,30,8,70,4,6,0,13,6,2,0.277,,,,,,,,,,,0.052000000000000005,0.12,0.43,0.316,0.456,0.772,0.179,0.281,,,,,,,,,0.34,10.4,73,8.1,5.0,16.5,-6.1,25.1,2.7,,3.5,113,3.54,-10.79,14.33,20.47,2.51,1.14,1.84,6,2.53,0.58,,,,,,,,,,,,,,,,,,,,,,,,,,,,,,,,,,,,,,,,0.3,,,,,,,,,,,,,,,,,,,,,,,,,,,,,,,,,,,,,,,,,,,,,,,,,,,,,,,,,,,,,,,,,,,,,,,,,,,,,,,,,,,,,,,,-1.1,0.3,,37 - 37,8.4,1.4,,,,,,,,0.21,,,,,,,,,,,,,,,,,,,,,,,,,,,,,,,,,,,,,,,,,,,,,,,,,,,,,,,,,,,,,,,,,,,,,,,,,,,,107,61,83,97,119,146,97,,,,,,,,,,,,,,,,,,0,,,,,
88,1011730,1992,Kevin Seitzer,MIL,30,148,540,615,146,105,35,1,5,74,71,57,4,44,2,9,7,16,13,11,0.27,,,,,,,,,,,0.09300000000000001,0.07200000000000001,1.3,0.337,0.367,0.704,0.096,0.282,,,,,,,,,0.32,1.4,68,-1.0,7.0,17.4,1.3,24.7,2.6,,3.8,99,1.21,-9.76,10.98,4.52,0.38,0.99,0.52,1,0.47,0.75,,,,,,,,,,,,,,,,,,,,,,,,,,,,,,,,,,,,,,,,-1.8,,,,,,,,,,,,,,,,,,,,,,,,,,,,,,,,,,,,,,,,,,,,,,,,,,,,,,,,,,,,,,,,,,,,,,,,,,,,,,,,,,,,,,,,8.3,-1.8,,30 - 30,-2.7,1.8,,,,,,,,0.172,,,,,,,,,,,,,,,,,,,,,,,,,,,,,,,,,,,,,,,,,,,,,,,,,,,,,,,,,,,,,,,,,,,,,,,,,,,,104,105,51,103,95,77,99,,,,,,,,,,,,,,,,,,0,,,,,
34,1001918,1992,Jose Canseco,- - -,27,119,439,512,107,66,15,0,26,74,87,63,2,128,6,4,0,16,6,7,0.244,,,,,,,,,,,0.12300000000000001,0.25,0.49,0.344,0.456,0.799,0.212,0.28,,,,,,,,,0.361,17.0,72,17.5,-2.0,14.5,-7.0,22.9,2.5,,2.8,130,0.51,-10.03,10.55,15.65,1.71,1.08,2.25,3,1.34,-0.86,,,,,,,,,,,,,,,,,,,,,,,,,,,,,,,,,,,,,,,,-1.6,,,,,,,,,,,,,,,,,,,,,,,,,,,,,,,,,,,,,,,,,,,,,,,,,,,,,,,,,,,,,,,,,,,,,,,,,,,,,,,,,,,,,,,,-9.0,-1.6,,27 - 27,15.9,1.5,,,,,,,,0.424,,,,,,,,,,,,,,,,,,,,,,,,,,,,,,,,,,,,,,,,,,,,,,,,,,,,,,,,,,,,,,,,,,,,,,,,,,,,94,139,178,105,118,169,98,,,,,,,,,,,,,,,,,,0,,,,,
51,1004026,1992,Cecil Fielder,DET,28,155,594,676,145,88,22,0,35,80,124,73,8,151,2,7,0,14,0,0,0.244,,,,,,,,,,,0.10800000000000001,0.223,0.48,0.325,0.458,0.783,0.214,0.265,,,,,,,,,0.348,16.1,89,11.8,2.0,19.1,-11.2,23.5,2.5,,1.1,116,1.44,-12.36,13.8,20.57,2.07,1.05,,0,1.25,0.11,,,,,,,,,,,,,,,,,,,,,,,,,,,,,,,,,,,,,,,,-0.2,,,,,,,,,,,,,,,,,,,,,,,,,,,,,,,,,,,,,,,,,,,,,,,,,,,,,,,,,,,,,,,,,,,,,,,,,,,,,,,,,,,,,,,,-9.2,-0.2,,28 - 28,11.7,1.9,,,,,,,,0.38299999999999995,,,,,,,,,,,,,,,,,,,,,,,,,,,,,,,,,,,,,,,,,,,,,,,,,,,,,,,,,,,,,,,,,,,,,,,,,,,,94,122,159,99,119,170,93,,,,,,,,,,,,,,,,,,0,,,,,
67,1008261,1992,Don Mattingly,NYY,31,157,640,686,184,130,40,0,14,89,86,39,7,43,1,6,0,11,3,0,0.288,,,,,,,,,,,0.057,0.063,0.91,0.327,0.416,0.742,0.128,0.289,,,,,,,,,0.331,7.4,82,5.7,6.0,19.4,-10.0,23.5,2.5,,3.0,107,0.92,-11.92,12.83,14.05,1.35,1.01,2.51,2,0.3,0.61,,,,,,,,,,,,,,,,,,,,,,,,,,,,,,,,,,,,,,,,0.4,,,,,,,,,,,,,,,,,,,,,,,,,,,,,,,,,,,,,,,,,,,,,,,,,,,,,,,,,,,,,,,,,,,,,,,,,,,,,,,,,,,,,,,,-4.0,0.4,,31 - 31,6.1,2.0,,,,,,,,0.14,,,,,,,,,,,,,,,,,,,,,,,,,,,,,,,,,,,,,,,,,,,,,,,,,,,,,,,,,,,,,,,,,,,,,,,,,,,,111,64,45,99,108,102,101,,,,,,,,,,,,,,,,,,0,,,,,
26,1008015,1992,Candy Maldonado,TOR,31,137,489,560,133,84,25,4,20,64,66,59,3,112,7,3,2,13,2,2,0.272,,,,,,,,,,,0.105,0.2,0.53,0.357,0.462,0.819,0.19,0.314,,,,,,,,,0.368,21.7,82,17.9,-8.0,15.8,-6.4,20.5,2.3,,3.3,128,1.11,-8.58,9.69,20.66,2.15,0.91,1.95,3,2.13,-0.91,,,,,,,,,,,,,,,,,,,,,,,,,,,,,,,,,,,,,,,,-0.5,,,,,,,,,,,,,,,,,,,,,,,,,,,,,,,,,,,,,,,,,,,,,,,,,,,,,,,,,,,,,,,,,,,,,,,,,,,,,,,,,,,,,,,,-14.4,-0.5,,31 - 31,17.4,1.6,,,,,,,,0.341,,,,,,,,,,,,,,,,,,,,,,,,,,,,,,,,,,,,,,,,,,,,,,,,,,,,,,,,,,,,,,,,,,,,,,,,,,,,105,119,143,109,120,151,110,,,,,,,,,,,,,,,,,,0,,,,,
52,1610,1992,Felix Jose,STL,27,131,509,551,150,111,22,3,14,62,75,40,8,100,1,1,0,9,28,12,0.295,,,,,,,,,,,0.073,0.18100000000000002,0.4,0.347,0.432,0.779,0.138,0.343,,,,,,,,,0.348,12.9,72,12.9,-4.0,15.6,-5.7,20.9,2.3,,5.2,121,3.3,-10.95,14.25,22.29,2.61,1.2,1.97,6,1.55,1.19,,,,,,,,,,,,,,,,,,,,,,,,,,,,,,,,,,,,,,,,0.9,,,,,,,,,,,,,,,,,,,,,,,,,,,,,,,,,,,,,,,,,,,,,,,,,,,,,,,,,,,,,,,,,,,,,,,,,,,,,,,,,,,,,,,,-9.7,0.9,,27 - 27,13.8,1.3,,,,,,,,0.27899999999999997,,,,,,,,,,,,,,,,,,,,,,,,,,,,,,,,,,,,,,,,,,,,,,,,,,,,,,,,,,,,,,,,,,,,,,,,,,,,114,86,126,107,113,112,119,,,,,,,,,,,,,,,,,,0,,,,,
64,1005376,1992,Brian Harper,MIN,32,140,502,546,154,120,25,0,9,58,73,26,7,22,7,10,1,15,0,1,0.307,,,,,,,,,,,0.048,0.04,1.18,0.343,0.41,0.753,0.104,0.301,,,,,,,,,0.335,7.7,67,3.4,-7.0,15.4,7.4,20.3,2.3,,1.5,105,0.75,-9.12,9.87,4.25,0.38,1.05,1.89,9,-0.14,0.86,,,,,,,,,,,,,,,,,,,,,,,,,,,,,,,,,,,,,,,,-0.5,,,,,,,,,,,,,,,,,,,,,,,,,,,,,,,,,,,,,,,,,,,,,,,,,,,,,,,,,,,,,,,,,,,,,,,,,,,,,,,,,,,,,,,,0.4,-0.5,,32 - 32,2.8,1.6,,,,,,,,0.10400000000000001,,,,,,,,,,,,,,,,,,,,,,,,,,,,,,,,,,,,,,,,,,,,,,,,,,,,,,,,,,,,,,,,,,,,,,,,,,,,118,54,29,105,107,82,106,,,,,,,,,,,,,,,,,,0,,,,,
46,1008946,1992,Randy Milligan,BAL,30,137,462,577,111,78,21,1,11,71,53,106,0,81,4,5,0,15,0,1,0.24,,,,,,,,,,,0.184,0.14,1.31,0.383,0.361,0.744,0.121,0.267,,,,,,,,,0.35,14.6,77,11.5,0.0,16.3,-7.9,20.9,2.3,,2.0,118,1.51,-9.33,10.84,9.58,1.0,1.01,1.35,2,1.51,-0.02,,,,,,,,,,,,,,,,,,,,,,,,,,,,,,,,,,,,,,,,-0.6,,,,,,,,,,,,,,,,,,,,,,,,,,,,,,,,,,,,,,,,,,,,,,,,,,,,,,,,,,,,,,,,,,,,,,,,,,,,,,,,,,,,,,,,-7.9,-0.6,,30 - 30,10.9,1.7,,,,,,,,0.34299999999999997,,,,,,,,,,,,,,,,,,,,,,,,,,,,,,,,,,,,,,,,,,,,,,,,,,,,,,,,,,,,,,,,,,,,,,,,,,,,93,207,100,117,94,96,94,,,,,,,,,,,,,,,,,,0,,,,,
93,1005525,1992,Charlie Hayes,NYY,27,142,509,549,131,92,19,2,18,52,66,28,0,100,3,6,3,12,3,5,0.257,,,,,,,,,,,0.051,0.182,0.28,0.297,0.409,0.705,0.151,0.285,,,,,,,,,0.317,0.3,60,-1.1,5.0,15.5,1.1,20.7,2.2,,2.6,98,-1.39,-10.9,9.51,-11.97,-1.16,1.03,0.94,1,-0.7,-0.66,,,,,,,,,,,,,,,,,,,,,,,,,,,,,,,,,,,,,,,,-1.4,,,,,,,,,,,,,,,,,,,,,,,,,,,,,,,,,,,,,,,,,,,,,,,,,,,,,,,,,,,,,,,,,,,,,,,,,,,,,,,,,,,,,,,,6.1,-1.4,,27 - 27,-2.5,1.6,,,,,,,,0.266,,,,,,,,,,,,,,,,,,,,,,,,,,,,,,,,,,,,,,,,,,,,,,,,,,,,,,,,,,,,,,,,,,,,,,,,,,,,99,58,130,90,106,120,100,,,,,,,,,,,,,,,,,,0,,,,,
73,1006379,1992,Gregg Jefferies,KCR,24,152,604,657,172,123,36,3,10,66,75,43,4,29,1,9,0,24,19,9,0.285,,,,,,,,,,,0.065,0.044000000000000004,1.48,0.329,0.404,0.733,0.119,0.282,,,,,,,,,0.328,5.8,77,0.9,-4.0,18.6,1.2,18.8,2.1,,4.4,101,-0.3,-12.46,12.16,1.68,0.23,1.07,3.0,5,0.32,-0.6,,,,,,,,,,,,,,,,,,,,,,,,,,,,,,,,,,,,,,,,0.2,,,,,,,,,,,,,,,,,,,,,,,,,,,,,,,,,,,,,,,,,,,,,,,,,,,,,,,,,,,,,,,,,,,,,,,,,,,,,,,,,,,,,,,,-2.8,0.2,,24 - 24,1.1,1.9,,,,,,,,0.125,,,,,,,,,,,,,,,,,,,,,,,,,,,,,,,,,,,,,,,,,,,,,,,,,,,,,,,,,,,,,,,,,,,,,,,,,,,,110,74,31,100,105,95,99,,,,,,,,,,,,,,,,,,0,,,,,
103,1009778,1992,Joe Oliver,CIN,26,143,485,534,131,95,25,1,10,42,57,35,19,75,1,7,6,12,2,3,0.27,,,,,,,,,,,0.066,0.14,0.47,0.316,0.388,0.704,0.118,0.297,,,,,,,,,0.304,-5.0,53,-6.6,2.0,15.1,8.2,19.1,2.1,,1.9,89,-1.45,-9.55,8.1,-4.67,-0.56,1.0,2.55,2,-0.26,-1.18,,,,,,,,,,,,,,,,,,,,,,,,,,,,,,,,,,,,,,,,-0.9,,,,,,,,,,,,,,,,,,,,,,,,,,,,,,,,,,,,,,,,,,,,,,,,,,,,,,,,,,,,,,,,,,,,,,,,,,,,,,,,,,,,,,,,10.2,-0.9,,26 - 26,-7.4,1.2,,,,,,,,0.225,,,,,,,,,,,,,,,,,,,,,,,,,,,,,,,,,,,,,,,,,,,,,,,,,,,,,,,,,,,,,,,,,,,,,,,,,,,,104,77,97,97,102,96,103,,,,,,,,,,,,,,,,,,0,,,,,
42,1000802,1992,Albert Belle,CLE,25,153,585,651,152,94,23,1,34,81,112,52,5,128,4,8,1,18,8,2,0.26,,,,,,,,,,,0.08,0.19699999999999998,0.41,0.32,0.477,0.797,0.217,0.274,,,,,,,,,0.354,18.1,88,15.2,-5.0,18.4,-13.0,18.2,2.0,,3.7,121,1.01,-12.52,13.53,5.99,0.62,1.08,4.91,1,1.89,-0.95,,,,,,,,,,,,,,,,,,,,,,,,,,,,,,,,,,,,,,,,0.7,,,,,,,,,,,,,,,,,,,,,,,,,,,,,,,,,,,,,,,,,,,,,,,,,,,,,,,,,,,,,,,,,,,,,,,,,,,,,,,,,,,,,,,,-18.0,0.7,,25 - 25,15.9,1.9,,,,,,,,0.32899999999999996,,,,,,,,,,,,,,,,,,,,,,,,,,,,,,,,,,,,,,,,,,,,,,,,,,,,,,,,,,,,,,,,,,,,,,,,,,,,100,90,140,98,124,173,96,,,,,,,,,,,,,,,,,,0,,,,,
62,1009386,1992,Eddie Murray,NYM,36,156,551,625,144,89,37,2,16,64,93,66,8,74,0,8,0,15,4,2,0.261,,,,,,,,,,,0.106,0.11800000000000001,0.89,0.336,0.423,0.759,0.162,0.273,,,,,,,,,0.338,10.2,78,9.8,-2.0,17.7,-9.0,17.8,2.0,,3.1,114,3.35,-11.04,14.39,27.25,3.14,1.1,2.84,3,1.22,1.81,,,,,,,,,,,,,,,,,,,,,,,,,,,,,,,,,,,,,,,,-0.1,,,,,,,,,,,,,,,,,,,,,,,,,,,,,,,,,,,,,,,,,,,,,,,,,,,,,,,,,,,,,,,,,,,,,,,,,,,,,,,,,,,,,,,,-11.0,-0.1,,36 - 36,9.6,1.5,,,,,,,,0.25,,,,,,,,,,,,,,,,,,,,,,,,,,,,,,,,,,,,,,,,,,,,,,,,,,,,,,,,,,,,,,,,,,,,,,,,,,,,101,125,82,104,111,132,94,,,,,,,,,,,,,,,,,,0,,,,,
76,1005259,1992,Mel Hall,NYY,31,152,583,622,163,109,36,3,15,67,81,29,4,53,1,9,0,13,4,2,0.28,,,,,,,,,,,0.047,0.085,0.55,0.31,0.429,0.739,0.149,0.282,,,,,,,,,0.328,5.3,72,3.7,3.0,17.6,-7.2,18.8,2.0,,3.6,105,0.14,-11.23,11.37,6.8,0.72,1.08,1.99,10,0.06,0.07,,,,,,,,,,,,,,,,,,,,,,,,,,,,,,,,,,,,,,,,-0.1,,,,,,,,,,,,,,,,,,,,,,,,,,,,,,,,,,,,,,,,,,,,,,,,,,,,,,,,,,,,,,,,,,,,,,,,,,,,,,,,,,,,,,,,-4.2,-0.1,,31 - 31,3.6,1.8,,,,,,,,0.156,,,,,,,,,,,,,,,,,,,,,,,,,,,,,,,,,,,,,,,,,,,,,,,,,,,,,,,,,,,,,,,,,,,,,,,,,,,,108,53,61,95,111,119,99,,,,,,,,,,,,,,,,,,0,,,,,
87,1001630,1992,Steve Buechele,- - -,30,145,524,590,137,101,23,4,9,52,64,52,6,105,7,3,4,10,1,3,0.261,,,,,,,,,,,0.08800000000000001,0.17800000000000002,0.5,0.334,0.372,0.707,0.111,0.31,,,,,,,,,0.321,1.9,66,0.9,-1.0,16.7,1.3,18.1,2.0,,2.7,101,0.66,-10.33,10.99,13.42,1.55,1.07,2.9,1,0.37,0.24,,,,,,,,,,,,,,,,,,,,,,,,,,,,,,,,,,,,,,,,-1.1,,,,,,,,,,,,,,,,,,,,,,,,,,,,,,,,,,,,,,,,,,,,,,,,,,,,,,,,,,,,,,,,,,,,,,,,,,,,,,,,,,,,,,,,0.3,-1.1,,30 - 30,-0.2,1.4,,,,,,,,0.281,,,,,,,,,,,,,,,,,,,,,,,,,,,,,,,,,,,,,,,,,,,,,,,,,,,,,,,,,,,,,,,,,,,,,,,,,,,,101,104,123,103,98,91,107,,,,,,,,,,,,,,,,,,0,,,,,
75,457,1992,Todd Zeile,STL,26,126,439,514,113,84,18,4,7,51,48,68,4,70,0,7,0,11,7,10,0.257,,,,,,,,,,,0.132,0.136,0.97,0.352,0.364,0.717,0.107,0.287,,,,,,,,,0.328,4.4,60,4.4,-1.0,14.5,1.1,17.7,1.9,,3.7,108,-0.01,-10.58,10.57,1.93,0.22,1.21,2.47,4,0.89,-0.89,,,,,,,,,,,,,,,,,,,,,,,,,,,,,,,,,,,,,,,,-2.6,,,,,,,,,,,,,,,,,,,,,,,,,,,,,,,,,,,,,,,,,,,,,,,,,,,,,,,,,,,,,,,,,,,,,,,,,,,,,,,,,,,,,,,,0.1,-2.6,,26 - 26,1.8,1.2,,,,,,,,0.282,,,,,,,,,,,,,,,,,,,,,,,,,,,,,,,,,,,,,,,,,,,,,,,,,,,,,,,,,,,,,,,,,,,,,,,,,,,,99,156,94,108,96,88,99,,,,,,,,,,,,,,,,,,0,,,,,
95,1007331,1992,Carney Lansford,OAK,35,135,496,561,130,92,30,1,7,65,75,43,0,39,7,8,7,14,7,2,0.262,,,,,,,,,,,0.077,0.07,1.1,0.325,0.369,0.694,0.107,0.269,,,,,,,,,0.317,0.2,61,1.3,-2.0,15.9,-0.1,17.2,1.9,,3.9,102,0.12,-9.9,10.02,6.53,0.73,1.05,1.87,4,0.14,-0.03,,,,,,,,,,,,,,,,,,,,,,,,,,,,,,,,,,,,,,,,0.5,,,,,,,,,,,,,,,,,,,,,,,,,,,,,,,,,,,,,,,,,,,,,,,,,,,,,,,,,,,,,,,,,,,,,,,,,,,,,,,,,,,,,,,,-2.1,0.5,,35 - 35,1.8,1.6,,,,,,,,0.159,,,,,,,,,,,,,,,,,,,,,,,,,,,,,,,,,,,,,,,,,,,,,,,,,,,,,,,,,,,,,,,,,,,,,,,,,,,,101,86,50,99,96,85,94,,,,,,,,,,,,,,,,,,0,,,,,
38,1001589,1992,Tom Brunansky,BOS,31,138,458,533,122,73,31,3,15,47,74,66,2,96,0,7,2,11,2,5,0.266,,,,,,,,,,,0.124,0.18,0.69,0.354,0.445,0.799,0.179,0.302,,,,,,,,,0.359,17.1,75,11.6,-3.0,15.1,-7.0,16.6,1.8,,2.6,119,0.44,-10.82,11.25,6.31,0.76,1.2,1.54,12,0.51,-0.15,,,,,,,,,,,,,,,,,,,,,,,,,,,,,,,,,,,,,,,,-1.7,,,,,,,,,,,,,,,,,,,,,,,,,,,,,,,,,,,,,,,,,,,,,,,,,,,,,,,,,,,,,,,,,,,,,,,,,,,,,,,,,,,,,,,,-10.0,-1.7,,31 - 31,10.0,1.5,,,,,,,,0.332,,,,,,,,,,,,,,,,,,,,,,,,,,,,,,,,,,,,,,,,,,,,,,,,,,,,,,,,,,,,,,,,,,,,,,,,,,,,103,140,128,108,116,142,106,,,,,,,,,,,,,,,,,,0,,,,,
47,1012282,1992,Paul Sorrento,CLE,26,140,458,514,123,80,24,1,18,52,60,51,7,89,1,3,1,13,0,3,0.269,,,,,,,,,,,0.099,0.17300000000000001,0.57,0.341,0.443,0.784,0.175,0.297,,,,,,,,,0.35,12.9,68,10.6,-1.0,14.5,-8.2,16.2,1.8,,1.8,118,0.13,-10.23,10.36,-2.34,-0.17,1.11,2.47,14,0.67,-0.55,,,,,,,,,,,,,,,,,,,,,,,,,,,,,,,,,,,,,,,,-1.3,,,,,,,,,,,,,,,,,,,,,,,,,,,,,,,,,,,,,,,,,,,,,,,,,,,,,,,,,,,,,,,,,,,,,,,,,,,,,,,,,,,,,,,,-9.2,-1.3,,26 - 26,9.3,1.5,,,,,,,,0.307,,,,,,,,,,,,,,,,,,,,,,,,,,,,,,,,,,,,,,,,,,,,,,,,,,,,,,,,,,,,,,,,,,,,,,,,,,,,104,112,123,104,115,139,104,,,,,,,,,,,,,,,,,,0,,,,,
84,1009818,1992,Paul O'Neill,CIN,29,148,496,584,122,88,19,1,14,59,66,77,15,85,2,6,3,10,6,3,0.246,,,,,,,,,,,0.132,0.146,0.91,0.346,0.373,0.719,0.127,0.268,,,,,,,,,0.323,2.6,66,0.8,5.0,16.5,-6.2,17.4,1.8,,3.0,101,0.87,-9.56,10.43,11.28,1.32,1.07,1.55,9,1.41,-0.59,,,,,,,,,,,,,,,,,,,,,,,,,,,,,,,,,,,,,,,,-0.1,,,,,,,,,,,,,,,,,,,,,,,,,,,,,,,,,,,,,,,,,,,,,,,,,,,,,,,,,,,,,,,,,,,,,,,,,,,,,,,,,,,,,,,,-1.2,-0.1,,29 - 29,0.7,1.4,,,,,,,,0.301,,,,,,,,,,,,,,,,,,,,,,,,,,,,,,,,,,,,,,,,,,,,,,,,,,,,,,,,,,,,,,,,,,,,,,,,,,,,95,156,101,107,98,104,93,,,,,,,,,,,,,,,,,,0,,,,,
28,1003041,1992,Chili Davis,MIN,32,138,444,529,128,87,27,2,12,63,66,73,11,76,3,9,0,11,4,5,0.288,,,,,,,,,,,0.138,0.14400000000000002,0.96,0.386,0.439,0.825,0.151,0.318,,,,,,,,,0.367,20.1,77,15.9,-2.0,15.0,-13.6,15.6,1.7,,2.8,127,1.85,-9.19,11.04,17.9,1.85,1.1,2.32,10,1.57,0.12,,,,,,,,,,,,,,,,,,,,,,,,,,,,,,,,,,,,,,,,-1.3,,,,,,,,,,,,,,,,,,,,,,,,,,,,,,,,,,,,,,,,,,,,,,,,,,,,,,,,,,,,,,,,,,,,,,,,,,,,,,,,,,,,,,,,-15.6,-1.3,,32 - 32,14.7,1.5,,,,,,,,0.304,,,,,,,,,,,,,,,,,,,,,,,,,,,,,,,,,,,,,,,,,,,,,,,,,,,,,,,,,,,,,,,,,,,,,,,,,,,,111,156,102,117,114,120,111,,,,,,,,,,,,,,,,,,0,,,,,
97,1008513,1992,Willie McGee,SFG,33,138,474,510,141,118,20,2,1,56,36,29,3,88,1,1,5,7,13,4,0.297,,,,,,,,,,,0.057,0.17300000000000001,0.33,0.339,0.354,0.693,0.057,0.363,,,,,,,,,0.316,-0.4,55,0.8,2.0,14.4,-3.3,16.1,1.7,,4.8,101,0.5,-8.99,9.48,10.75,1.3,1.08,1.35,23,0.36,0.1,,,,,,,,,,,,,,,,,,,,,,,,,,,,,,,,,,,,,,,,0.9,,,,,,,,,,,,,,,,,,,,,,,,,,,,,,,,,,,,,,,,,,,,,,,,,,,,,,,,,,,,,,,,,,,,,,,,,,,,,,,,,,,,,,,,-1.3,0.9,,33 - 33,1.7,1.2,,,,,,,,0.231,,,,,,,,,,,,,,,,,,,,,,,,,,,,,,,,,,,,,,,,,,,,,,,,,,,,,,,,,,,,,,,,,,,,,,,,,,,,115,67,120,104,93,47,126,,,,,,,,,,,,,,,,,,0,,,,,
108,77,1992,Matt Williams,SFG,26,146,529,576,120,82,13,5,20,58,66,39,11,109,6,2,0,15,7,7,0.227,,,,,,,,,,,0.068,0.18899999999999997,0.36,0.286,0.384,0.67,0.157,0.249,,,,,,,,,0.297,-8.4,54,-7.0,6.0,16.3,1.3,16.5,1.7,,4.2,89,-0.43,-11.45,11.02,-9.21,-1.13,1.15,2.15,5,-1.01,0.64,,,,,,,,,,,,,,,,,,,,,,,,,,,,,,,,,,,,,,,,-1.4,,,,,,,,,,,,,,,,,,,,,,,,,,,,,,,,,,,,,,,,,,,,,,,,,,,,,,,,,,,,,,,,,,,,,,,,,,,,,,,,,,,,,,,,7.3,-1.4,,26 - 26,-8.4,1.3,,,,,,,,0.292,,,,,,,,,,,,,,,,,,,,,,,,,,,,,,,,,,,,,,,,,,,,,,,,,,,,,,,,,,,,,,,,,,,,,,,,,,,,88,80,131,88,101,128,86,,,,,,,,,,,,,,,,,,0,,,,,
115,117,1992,B.J. Surhoff,MIL,27,139,480,543,121,97,19,1,4,63,62,46,8,41,2,10,5,9,14,8,0.252,,,,,,,,,,,0.085,0.076,1.12,0.314,0.321,0.635,0.069,0.263,,,,,,,,,0.287,-12.2,47,-14.3,10.0,15.4,4.4,16.6,1.7,,4.2,77,-0.8,-9.34,8.54,0.4,0.1,0.99,1.62,5,-0.51,-0.3,,,,,,,,,,,,,,,,,,,,,,,,,,,,,,,,,,,,,,,,-0.4,,,,,,,,,,,,,,,,,,,,,,,,,,,,,,,,,,,,,,,,,,,,,,,,,,,,,,,,,,,,,,,,,,,,,,,,,,,,,,,,,,,,,,,,14.4,-0.4,,27 - 27,-14.6,1.6,,,,,,,,0.168,,,,,,,,,,,,,,,,,,,,,,,,,,,,,,,,,,,,,,,,,,,,,,,,,,,,,,,,,,,,,,,,,,,,,,,,,,,,97,96,54,96,83,55,92,,,,,,,,,,,,,,,,,,0,,,,,
74,1233,1992,Greg Vaughn,MIL,26,141,501,573,114,71,18,2,23,77,78,60,1,123,5,5,2,8,15,15,0.228,,,,,,,,,,,0.105,0.215,0.49,0.313,0.409,0.723,0.182,0.253,,,,,,,,,0.328,5.0,67,2.8,4.0,16.2,-6.7,15.1,1.6,,4.5,104,0.85,-11.32,12.18,1.57,0.2,1.11,2.05,3,0.51,0.26,,,,,,,,,,,,,,,,,,,,,,,,,,,,,,,,,,,,,,,,-2.9,,,,,,,,,,,,,,,,,,,,,,,,,,,,,,,,,,,,,,,,,,,,,,,,,,,,,,,,,,,,,,,,,,,,,,,,,,,,,,,,,,,,,,,,-2.7,-2.9,,26 - 26,-0.1,1.6,,,,,,,,0.36,,,,,,,,,,,,,,,,,,,,,,,,,,,,,,,,,,,,,,,,,,,,,,,,,,,,,,,,,,,,,,,,,,,,,,,,,,,,88,118,153,95,106,145,89,,,,,,,,,,,,,,,,,,0,,,,,
78,1002898,1992,Chad Curtis,CAL,23,139,441,507,114,86,16,2,10,59,46,51,2,71,6,4,5,10,43,18,0.259,,,,,,,,,,,0.10099999999999999,0.14,0.72,0.341,0.372,0.713,0.113,0.286,,,,,,,,,0.327,4.0,59,0.9,-1.0,14.3,-3.7,13.5,1.5,,5.9,102,-0.52,-9.56,9.04,2.27,0.16,1.06,1.87,9,0.38,-0.87,,,,,,,,,,,,,,,,,,,,,,,,,,,,,,,,,,,,,,,,1.6,,,,,,,,,,,,,,,,,,,,,,,,,,,,,,,,,,,,,,,,,,,,,,,,,,,,,,,,,,,,,,,,,,,,,,,,,,,,,,,,,,,,,,,,-4.7,1.6,,23 - 23,2.5,1.5,,,,,,,,0.26,,,,,,,,,,,,,,,,,,,,,,,,,,,,,,,,,,,,,,,,,,,,,,,,,,,,,,,,,,,,,,,,,,,,,,,,,,,,100,113,100,104,97,90,100,,,,,,,,,,,,,,,,,,0,,,,,
94,1001124,1992,Wade Boggs,BOS,34,143,514,598,133,100,22,4,7,62,50,74,19,31,4,6,0,10,1,3,0.259,,,,,,,,,,,0.124,0.052000000000000005,2.39,0.353,0.358,0.711,0.099,0.261,,,,,,,,,0.317,0.3,65,-5.8,4.0,16.9,-1.2,14.4,1.5,,2.9,91,1.61,-10.18,11.79,10.2,1.11,1.14,2.55,7,-0.04,1.45,,,,,,,,,,,,,,,,,,,,,,,,,,,,,,,,,,,,,,,,-1.1,,,,,,,,,,,,,,,,,,,,,,,,,,,,,,,,,,,,,,,,,,,,,,,,,,,,,,,,,,,,,,,,,,,,,,,,,,,,,,,,,,,,,,,,2.8,-1.1,,34 - 34,-7.0,1.7,,,,,,,,0.187,,,,,,,,,,,,,,,,,,,,,,,,,,,,,,,,,,,,,,,,,,,,,,,,,,,,,,,,,,,,,,,,,,,,,,,,,,,,100,140,37,107,93,79,92,,,,,,,,,,,,,,,,,,0,,,,,
90,1004002,1992,Tony Fernandez,SDP,30,155,622,694,171,131,32,4,4,84,37,56,4,62,4,3,9,6,20,20,0.275,,,,,,,,,,,0.081,0.08900000000000001,0.9,0.337,0.359,0.696,0.084,0.299,,,,,,,,,0.318,0.6,76,-1.3,-12.0,19.6,8.3,12.4,1.5,,4.7,98,-0.8,-11.47,10.68,-8.41,-0.9,0.96,,0,-0.89,0.06,,,,,,,,,,,,,,,,,,,,,,,,,,,,,,,,,,,,,,,,-3.8,,,,,,,,,,,,,,,,,,,,,,,,,,,,,,,,,,,,,,,,,,,,,,,,,,,,,,,,,,,,,,,,,,,,,,,,,,,,,,,,,,,,,,,,-3.7,-3.8,,30 - 30,-5.1,1.6,,,,,,,,0.17600000000000002,,,,,,,,,,,,,,,,,,,,,,,,,,,,,,,,,,,,,,,,,,,,,,,,,,,,,,,,,,,,,,,,,,,,,,,,,,,,106,95,62,104,94,68,103,,,,,,,,,,,,,,,,,,0,,,,,
49,1001168,1992,Bobby Bonilla,NYM,29,128,438,506,109,67,23,0,19,62,70,66,10,73,1,1,0,11,4,3,0.249,,,,,,,,,,,0.13,0.14400000000000002,0.9,0.348,0.432,0.779,0.183,0.259,,,,,,,,,0.349,12.2,67,11.8,-9.0,14.3,-5.3,12.5,1.4,,2.4,121,1.2,-9.32,10.52,18.31,2.08,1.08,0.8,5,2.13,-1.03,,,,,,,,,,,,,,,,,,,,,,,,,,,,,,,,,,,,,,,,-0.5,,,,,,,,,,,,,,,,,,,,,,,,,,,,,,,,,,,,,,,,,,,,,,,,,,,,,,,,,,,,,,,,,,,,,,,,,,,,,,,,,,,,,,,,-14.3,-0.5,,29 - 29,11.3,1.2,,,,,,,,0.312,,,,,,,,,,,,,,,,,,,,,,,,,,,,,,,,,,,,,,,,,,,,,,,,,,,,,,,,,,,,,,,,,,,,,,,,,,,,96,154,100,107,113,149,90,,,,,,,,,,,,,,,,,,0,,,,,
72,1006637,1992,Wally Joyner,KCR,30,149,572,633,154,107,36,2,9,66,66,55,4,50,4,2,0,19,11,5,0.269,,,,,,,,,,,0.087,0.079,1.1,0.336,0.386,0.723,0.117,0.282,,,,,,,,,0.329,5.7,74,0.9,1.0,17.9,-9.1,12.7,1.4,,3.8,101,0.8,-11.66,12.46,4.01,0.4,1.04,1.25,1,-0.03,0.8,,,,,,,,,,,,,,,,,,,,,,,,,,,,,,,,,,,,,,,,0.1,,,,,,,,,,,,,,,,,,,,,,,,,,,,,,,,,,,,,,,,,,,,,,,,,,,,,,,,,,,,,,,,,,,,,,,,,,,,,,,,,,,,,,,,-8.1,0.1,,30 - 30,1.1,1.8,,,,,,,,0.18,,,,,,,,,,,,,,,,,,,,,,,,,,,,,,,,,,,,,,,,,,,,,,,,,,,,,,,,,,,,,,,,,,,,,,,,,,,,104,98,56,102,100,93,99,,,,,,,,,,,,,,,,,,0,,,,,
89,1006815,1992,Roberto Kelly,NYY,27,152,580,640,158,115,31,2,10,81,66,41,4,96,4,6,1,19,28,5,0.272,,,,,,,,,,,0.064,0.15,0.43,0.322,0.384,0.706,0.112,0.308,,,,,,,,,0.319,0.9,70,-0.7,-10.0,18.1,-0.5,12.2,1.4,,6.0,99,-1.26,-12.14,10.88,-10.33,-1.03,1.03,3.5,6,-0.74,-0.49,,,,,,,,,,,,,,,,,,,,,,,,,,,,,,,,,,,,,,,,3.5,,,,,,,,,,,,,,,,,,,,,,,,,,,,,,,,,,,,,,,,,,,,,,,,,,,,,,,,,,,,,,,,,,,,,,,,,,,,,,,,,,,,,,,,-10.5,3.5,,27 - 27,2.8,1.8,,,,,,,,0.23,,,,,,,,,,,,,,,,,,,,,,,,,,,,,,,,,,,,,,,,,,,,,,,,,,,,,,,,,,,,,,,,,,,,,,,,,,,,105,72,107,98,100,89,108,,,,,,,,,,,,,,,,,,0,,,,,
69,482,1992,Dean Palmer,TEX,23,152,541,613,124,73,25,0,26,74,72,62,2,154,4,4,2,9,10,4,0.229,,,,,,,,,,,0.10099999999999999,0.251,0.4,0.311,0.42,0.731,0.19,0.268,,,,,,,,,0.331,6.4,73,4.2,-14.0,17.3,1.3,11.0,1.3,,3.5,106,0.93,-10.85,11.78,7.07,0.71,1.02,1.95,6,1.5,-0.58,,,,,,,,,,,,,,,,,,,,,,,,,,,,,,,,,,,,,,,,0.3,,,,,,,,,,,,,,,,,,,,,,,,,,,,,,,,,,,,,,,,,,,,,,,,,,,,,,,,,,,,,,,,,,,,,,,,,,,,,,,,,,,,,,,,-12.7,0.3,,23 - 23,4.6,1.8,,,,,,,,0.395,,,,,,,,,,,,,,,,,,,,,,,,,,,,,,,,,,,,,,,,,,,,,,,,,,,,,,,,,,,,,,,,,,,,,,,,,,,,88,114,179,95,109,151,94,,,,,,,,,,,,,,,,,,0,,,,,
110,1002289,1992,Jerald Clark,SDP,28,146,496,526,120,80,22,6,12,45,58,22,3,97,4,3,1,7,3,0,0.242,,,,,,,,,,,0.042,0.184,0.23,0.278,0.383,0.661,0.141,0.277,,,,,,,,,0.296,-8.3,49,-9.8,12.0,14.9,-6.1,12.7,1.3,,4.4,83,0.26,-9.32,9.58,-4.28,-0.46,1.0,1.01,9,-0.54,0.8,,,,,,,,,,,,,,,,,,,,,,,,,,,,,,,,,,,,,,,,0.5,,,,,,,,,,,,,,,,,,,,,,,,,,,,,,,,,,,,,,,,,,,,,,,,,,,,,,,,,,,,,,,,,,,,,,,,,,,,,,,,,,,,,,,,5.9,0.5,,28 - 28,-9.3,1.2,,,,,,,,0.249,,,,,,,,,,,,,,,,,,,,,,,,,,,,,,,,,,,,,,,,,,,,,,,,,,,,,,,,,,,,,,,,,,,,,,,,,,,,93,49,128,86,100,115,96,,,,,,,,,,,,,,,,,,0,,,,,
114,1009960,1992,Tom Pagnozzi,STL,29,139,485,523,121,85,26,3,7,33,44,28,9,64,1,3,6,15,2,5,0.249,,,,,,,,,,,0.054000000000000006,0.122,0.44,0.29,0.359,0.649,0.109,0.273,,,,,,,,,0.287,-11.5,45,-11.5,0.0,14.8,8.2,11.0,1.2,,2.4,80,-0.55,-10.32,9.77,-10.85,-1.26,1.12,2.78,4,-1.01,0.52,,,,,,,,,,,,,,,,,,,,,,,,,,,,,,,,,,,,,,,,-1.6,,,,,,,,,,,,,,,,,,,,,,,,,,,,,,,,,,,,,,,,,,,,,,,,,,,,,,,,,,,,,,,,,,,,,,,,,,,,,,,,,,,,,,,,8.2,-1.6,,29 - 29,-13.1,1.2,,,,,,,,0.18899999999999997,,,,,,,,,,,,,,,,,,,,,,,,,,,,,,,,,,,,,,,,,,,,,,,,,,,,,,,,,,,,,,,,,,,,,,,,,,,,96,63,85,89,94,89,95,,,,,,,,,,,,,,,,,,0,,,,,
85,1013886,1992,Mark Whiten,CLE,25,148,508,589,129,97,19,4,9,73,43,72,10,102,2,3,3,12,16,12,0.254,,,,,,,,,,,0.122,0.17300000000000001,0.71,0.347,0.36,0.707,0.106,0.3,,,,,,,,,0.322,2.2,66,-0.5,1.0,16.7,-6.8,10.6,1.1,,4.9,99,-0.92,-10.86,9.93,-6.99,-0.75,1.09,0.58,1,-0.85,0.0,,,,,,,,,,,,,,,,,,,,,,,,,,,,,,,,,,,,,,,,-1.5,,,,,,,,,,,,,,,,,,,,,,,,,,,,,,,,,,,,,,,,,,,,,,,,,,,,,,,,,,,,,,,,,,,,,,,,,,,,,,,,,,,,,,,,-5.8,-1.5,,25 - 25,-2.0,1.7,,,,,,,,0.311,,,,,,,,,,,,,,,,,,,,,,,,,,,,,,,,,,,,,,,,,,,,,,,,,,,,,,,,,,,,,,,,,,,,,,,,,,,,98,138,123,106,94,85,105,,,,,,,,,,,,,,,,,,0,,,,,
101,1003554,1992,Mariano Duncan,PHI,29,142,574,605,153,102,40,3,8,71,50,17,0,108,5,4,5,15,23,3,0.267,,,,,,,,,,,0.027999999999999997,0.179,0.16,0.292,0.389,0.68,0.122,0.314,,,,,,,,,0.306,-4.9,60,-5.3,-6.0,17.1,-0.6,9.9,1.1,,6.4,92,-0.46,-10.64,10.17,-6.9,-0.71,1.01,2.4,3,-0.3,-0.16,,,,,,,,,,,,,,,,,,,,,,,,,,,,,,,,,,,,,,,,3.3,,,,,,,,,,,,,,,,,,,,,,,,,,,,,,,,,,,,,,,,,,,,,,,,,,,,,,,,,,,,,,,,,,,,,,,,,,,,,,,,,,,,,,,,-6.6,3.3,,29 - 29,-2.0,1.4,,,,,,,,0.22,,,,,,,,,,,,,,,,,,,,,,,,,,,,,,,,,,,,,,,,,,,,,,,,,,,,,,,,,,,,,,,,,,,,,,,,,,,,103,33,124,90,102,100,109,,,,,,,,,,,,,,,,,,0,,,,,
105,1068,1992,Pat Borders,TOR,29,138,480,521,116,75,26,2,13,47,53,33,3,75,2,5,1,11,1,1,0.242,,,,,,,,,,,0.063,0.14400000000000002,0.44,0.29,0.385,0.676,0.144,0.259,,,,,,,,,0.303,-5.3,51,-8.7,-6.0,14.7,8.0,9.2,1.1,,2.4,85,-1.34,-8.76,7.42,-12.03,-1.24,0.9,1.7,4,-1.36,-0.13,,,,,,,,,,,,,,,,,,,,,,,,,,,,,,,,,,,,,,,,-0.3,,,,,,,,,,,,,,,,,,,,,,,,,,,,,,,,,,,,,,,,,,,,,,,,,,,,,,,,,,,,,,,,,,,,,,,,,,,,,,,,,,,,,,,,2.0,-0.3,,29 - 29,-9.0,1.5,,,,,,,,0.23199999999999998,,,,,,,,,,,,,,,,,,,,,,,,,,,,,,,,,,,,,,,,,,,,,,,,,,,,,,,,,,,,,,,,,,,,,,,,,,,,93,71,103,88,100,114,91,,,,,,,,,,,,,,,,,,0,,,,,
118,1003322,1992,Gary DiSarcina,CAL,24,157,518,553,128,106,19,0,3,48,42,20,0,50,7,3,5,15,9,7,0.247,,,,,,,,,,,0.036000000000000004,0.09,0.4,0.283,0.301,0.584,0.054,0.267,,,,,,,,,0.269,-19.8,40,-23.2,9.0,15.6,8.5,10.5,1.1,,3.2,63,-2.1,-10.39,8.28,-20.6,-2.16,1.01,0.25,1,-1.92,-0.17,,,,,,,,,,,,,,,,,,,,,,,,,,,,,,,,,,,,,,,,-1.0,,,,,,,,,,,,,,,,,,,,,,,,,,,,,,,,,,,,,,,,,,,,,,,,,,,,,,,,,,,,,,,,,,,,,,,,,,,,,,,,,,,,,,,,17.5,-1.0,,24 - 24,-24.2,1.6,,,,,,,,0.132,,,,,,,,,,,,,,,,,,,,,,,,,,,,,,,,,,,,,,,,,,,,,,,,,,,,,,,,,,,,,,,,,,,,,,,,,,,,95,41,64,86,78,43,94,,,,,,,,,,,,,,,,,,0,,,,,
79,659,1992,Eric Karros,LAD,24,149,545,589,140,89,30,1,20,63,88,37,3,103,2,5,0,15,2,4,0.257,,,,,,,,,,,0.063,0.175,0.36,0.304,0.426,0.73,0.169,0.281,,,,,,,,,0.326,4.3,68,5.8,-6.0,16.7,-8.2,8.4,1.0,,2.4,109,1.31,-11.98,13.29,11.44,1.34,1.17,2.24,7,0.7,0.42,,,,,,,,,,,,,,,,,,,,,,,,,,,,,,,,,,,,,,,,-1.3,,,,,,,,,,,,,,,,,,,,,,,,,,,,,,,,,,,,,,,,,,,,,,,,,,,,,,,,,,,,,,,,,,,,,,,,,,,,,,,,,,,,,,,,-14.2,-1.3,,24 - 24,4.6,1.4,,,,,,,,0.272,,,,,,,,,,,,,,,,,,,,,,,,,,,,,,,,,,,,,,,,,,,,,,,,,,,,,,,,,,,,,,,,,,,,,,,,,,,,99,74,121,94,112,138,97,,,,,,,,,,,,,,,,,,0,,,,,
86,1168,1992,Tino Martinez,SEA,24,136,460,513,118,81,19,2,16,53,66,42,9,77,2,8,1,24,2,1,0.257,,,,,,,,,,,0.08199999999999999,0.15,0.55,0.316,0.411,0.727,0.154,0.272,,,,,,,,,0.322,1.9,57,-0.8,3.0,14.5,-9.6,8.4,0.9,,2.8,99,-1.28,-10.33,9.05,-13.87,-1.4,1.09,2.39,11,-0.81,-0.36,,,,,,,,,,,,,,,,,,,,,,,,,,,,,,,,,,,,,,,,-0.1,,,,,,,,,,,,,,,,,,,,,,,,,,,,,,,,,,,,,,,,,,,,,,,,,,,,,,,,,,,,,,,,,,,,,,,,,,,,,,,,,,,,,,,,-6.6,-0.1,,24 - 24,-0.9,1.5,,,,,,,,0.263,,,,,,,,,,,,,,,,,,,,,,,,,,,,,,,,,,,,,,,,,,,,,,,,,,,,,,,,,,,,,,,,,,,,,,,,,,,,99,92,107,96,107,123,95,,,,,,,,,,,,,,,,,,0,,,,,
92,1014396,1992,Robin Yount,MIL,36,150,557,629,147,96,40,3,8,71,77,53,9,81,3,12,4,9,15,6,0.264,,,,,,,,,,,0.084,0.129,0.65,0.325,0.39,0.714,0.126,0.29,,,,,,,,,0.318,0.5,68,-1.9,-12.0,17.8,0.9,7.1,0.9,,5.0,97,0.6,-10.5,11.1,19.24,2.1,1.04,3.44,1,1.32,-0.74,,,,,,,,,,,,,,,,,,,,,,,,,,,,,,,,,,,,,,,,0.6,,,,,,,,,,,,,,,,,,,,,,,,,,,,,,,,,,,,,,,,,,,,,,,,,,,,,,,,,,,,,,,,,,,,,,,,,,,,,,,,,,,,,,,,-11.1,0.6,,36 - 36,-1.4,1.8,,,,,,,,0.226,,,,,,,,,,,,,,,,,,,,,,,,,,,,,,,,,,,,,,,,,,,,,,,,,,,,,,,,,,,,,,,,,,,,,,,,,,,,102,95,92,99,101,100,102,,,,,,,,,,,,,,,,,,0,,,,,
112,1013554,1992,Tim Wallach,MON,34,150,537,602,120,81,29,1,9,53,59,50,2,90,8,7,0,10,2,2,0.223,,,,,,,,,,,0.083,0.15,0.56,0.296,0.331,0.627,0.108,0.249,,,,,,,,,0.288,-12.9,52,-12.7,7.0,17.0,-3.4,8.9,0.9,,2.2,81,-1.03,-10.08,9.05,-9.05,-1.05,0.97,3.68,3,-1.42,0.36,,,,,,,,,,,,,,,,,,,,,,,,,,,,,,,,,,,,,,,,-0.5,,,,,,,,,,,,,,,,,,,,,,,,,,,,,,,,,,,,,,,,,,,,,,,,,,,,,,,,,,,,,,,,,,,,,,,,,,,,,,,,,,,,,,,,3.6,-0.5,,34 - 34,-13.2,1.4,,,,,,,,0.248,,,,,,,,,,,,,,,,,,,,,,,,,,,,,,,,,,,,,,,,,,,,,,,,,,,,,,,,,,,,,,,,,,,,,,,,,,,,86,98,104,91,87,88,86,,,,,,,,,,,,,,,,,,0,,,,,
102,205,1992,Jose Offerman,LAD,23,149,534,598,139,110,20,8,1,67,30,57,4,98,0,2,5,5,23,16,0.26,,,,,,,,,,,0.095,0.16399999999999998,0.58,0.331,0.333,0.664,0.073,0.316,,,,,,,,,0.305,-5.4,59,-3.8,-17.0,16.9,8.0,3.8,0.6,,6.0,94,-0.95,-10.98,10.04,-1.27,-0.11,1.08,2.1,1,-0.28,-0.59,,,,,,,,,,,,,,,,,,,,,,,,,,,,,,,,,,,,,,,,-1.7,,,,,,,,,,,,,,,,,,,,,,,,,,,,,,,,,,,,,,,,,,,,,,,,,,,,,,,,,,,,,,,,,,,,,,,,,,,,,,,,,,,,,,,,-9.0,-1.7,,23 - 23,-5.4,1.4,,,,,,,,0.261,,,,,,,,,,,,,,,,,,,,,,,,,,,,,,,,,,,,,,,,,,,,,,,,,,,,,,,,,,,,,,,,,,,,,,,,,,,,100,113,113,102,87,60,109,,,,,,,,,,,,,,,,,,0,,,,,
80,1000434,1992,Harold Baines,OAK,33,140,478,543,121,87,18,0,16,58,76,59,6,61,0,6,0,11,1,3,0.253,,,,,,,,,,,0.109,0.11199999999999999,0.97,0.331,0.391,0.723,0.138,0.258,,,,,,,,,0.326,3.9,63,5.0,-3.0,15.4,-13.3,4.6,0.5,,1.6,108,1.8,-9.08,10.88,14.97,1.61,1.01,2.47,5,0.7,1.09,,,,,,,,,,,,,,,,,,,,,,,,,,,,,,,,,,,,,,,,-1.1,,,,,,,,,,,,,,,,,,,,,,,,,,,,,,,,,,,,,,,,,,,,,,,,,,,,,,,,,,,,,,,,,,,,,,,,,,,,,,,,,,,,,,,,-16.3,-1.1,,33 - 33,3.9,1.6,,,,,,,,0.25,,,,,,,,,,,,,,,,,,,,,,,,,,,,,,,,,,,,,,,,,,,,,,,,,,,,,,,,,,,,,,,,,,,,,,,,,,,,98,123,80,101,102,110,90,,,,,,,,,,,,,,,,,,0,,,,,
96,1000808,1992,George Bell,CHW,32,155,627,670,160,108,27,0,25,74,112,31,8,97,6,6,0,29,5,2,0.255,,,,,,,,,,,0.046,0.145,0.32,0.294,0.418,0.712,0.163,0.264,,,,,,,,,0.316,-0.5,72,-1.9,0.0,18.9,-15.8,3.3,0.4,,2.8,98,0.25,-13.71,13.97,3.17,0.36,1.1,,0,0.08,0.14,,,,,,,,,,,,,,,,,,,,,,,,,,,,,,,,,,,,,,,,0.1,,,,,,,,,,,,,,,,,,,,,,,,,,,,,,,,,,,,,,,,,,,,,,,,,,,,,,,,,,,,,,,,,,,,,,,,,,,,,,,,,,,,,,,,-15.8,0.1,,32 - 32,-1.8,1.9,,,,,,,,0.228,,,,,,,,,,,,,,,,,,,,,,,,,,,,,,,,,,,,,,,,,,,,,,,,,,,,,,,,,,,,,,,,,,,,,,,,,,,,98,52,103,90,109,129,93,,,,,,,,,,,,,,,,,,0,,,,,
59,1001638,1992,Jay Buhner,SEA,27,152,543,629,132,88,16,3,25,69,79,71,2,146,6,8,1,12,0,6,0.243,,,,,,,,,,,0.113,0.23199999999999998,0.49,0.333,0.422,0.755,0.179,0.282,,,,,,,,,0.342,11.8,80,8.5,-17.0,17.8,-6.8,1.8,0.3,,2.9,112,-0.03,-11.77,11.74,4.63,0.47,1.04,1.68,3,0.52,-0.55,,,,,,,,,,,,,,,,,,,,,,,,,,,,,,,,,,,,,,,,-2.5,,,,,,,,,,,,,,,,,,,,,,,,,,,,,,,,,,,,,,,,,,,,,,,,,,,,,,,,,,,,,,,,,,,,,,,,,,,,,,,,,,,,,,,,-23.8,-2.5,,27 - 27,6.0,1.8,,,,,,,,0.385,,,,,,,,,,,,,,,,,,,,,,,,,,,,,,,,,,,,,,,,,,,,,,,,,,,,,,,,,,,,,,,,,,,,,,,,,,,,94,127,165,101,110,142,99,,,,,,,,,,,,,,,,,,0,,,,,
81,1001400,1992,George Brett,KCR,39,152,592,638,169,122,35,5,7,55,61,35,6,69,6,4,0,15,8,6,0.285,,,,,,,,,,,0.055,0.10800000000000001,0.51,0.33,0.397,0.727,0.111,0.312,,,,,,,,,0.326,4.4,73,-0.3,-1.0,18.0,-15.1,2.5,0.3,,3.8,100,0.41,-11.04,11.45,5.84,0.62,1.0,2.14,2,0.16,0.25,,,,,,,,,,,,,,,,,,,,,,,,,,,,,,,,,,,,,,,,-0.9,,,,,,,,,,,,,,,,,,,,,,,,,,,,,,,,,,,,,,,,,,,,,,,,,,,,,,,,,,,,,,,,,,,,,,,,,,,,,,,,,,,,,,,,-16.1,-0.9,,39 - 39,-1.2,1.8,,,,,,,,0.174,,,,,,,,,,,,,,,,,,,,,,,,,,,,,,,,,,,,,,,,,,,,,,,,,,,,,,,,,,,,,,,,,,,,,,,,,,,,110,62,77,100,103,89,109,,,,,,,,,,,,,,,,,,0,,,,,
107,1010870,1992,Harold Reynolds,SEA,31,140,458,521,113,84,23,3,3,55,33,45,1,41,3,4,11,12,15,12,0.247,,,,,,,,,,,0.086,0.079,1.1,0.316,0.33,0.645,0.083,0.263,,,,,,,,,0.298,-7.4,49,-10.1,-3.0,14.7,1.4,2.8,0.3,,4.8,83,-2.08,-9.97,7.89,-19.19,-2.01,1.01,1.58,11,-1.56,-0.49,,,,,,,,,,,,,,,,,,,,,,,,,,,,,,,,,,,,,,,,-1.7,,,,,,,,,,,,,,,,,,,,,,,,,,,,,,,,,,,,,,,,,,,,,,,,,,,,,,,,,,,,,,,,,,,,,,,,,,,,,,,,,,,,,,,,-1.6,-1.7,,31 - 31,-11.8,1.5,,,,,,,,0.171,,,,,,,,,,,,,,,,,,,,,,,,,,,,,,,,,,,,,,,,,,,,,,,,,,,,,,,,,,,,,,,,,,,,,,,,,,,,95,97,56,96,86,66,92,,,,,,,,,,,,,,,,,,0,,,,,
109,1010771,1992,Jody Reed,BOS,29,143,550,626,136,105,27,1,3,64,40,62,2,44,0,4,10,17,7,8,0.247,,,,,,,,,,,0.099,0.07,1.41,0.321,0.316,0.638,0.069,0.262,,,,,,,,,0.296,-9.8,58,-16.2,0.0,17.7,1.6,3.1,0.3,,2.9,77,-2.4,-12.74,10.34,-17.2,-1.73,1.15,,0,-1.8,-0.28,,,,,,,,,,,,,,,,,,,,,,,,,,,,,,,,,,,,,,,,-1.8,,,,,,,,,,,,,,,,,,,,,,,,,,,,,,,,,,,,,,,,,,,,,,,,,,,,,,,,,,,,,,,,,,,,,,,,,,,,,,,,,,,,,,,,1.6,-1.8,,29 - 29,-18.0,1.8,,,,,,,,0.174,,,,,,,,,,,,,,,,,,,,,,,,,,,,,,,,,,,,,,,,,,,,,,,,,,,,,,,,,,,,,,,,,,,,,,,,,,,,95,112,50,98,82,55,92,,,,,,,,,,,,,,,,,,0,,,,,
104,1010427,1992,Luis Polonia,CAL,28,149,577,635,165,144,17,4,0,83,35,45,6,64,1,4,8,18,51,21,0.286,,,,,,,,,,,0.071,0.10099999999999999,0.7,0.337,0.329,0.666,0.043,0.319,,,,,,,,,0.304,-6.2,62,-10.1,-1.0,18.0,-9.4,1.3,0.2,,6.5,86,-0.79,-11.27,10.48,-4.96,-0.54,1.01,1.35,4,-0.28,-0.5,,,,,,,,,,,,,,,,,,,,,,,,,,,,,,,,,,,,,,,,2.0,,,,,,,,,,,,,,,,,,,,,,,,,,,,,,,,,,,,,,,,,,,,,,,,,,,,,,,,,,,,,,,,,,,,,,,,,,,,,,,,,,,,,,,,-10.4,2.0,,28 - 28,-8.1,1.8,,,,,,,,0.172,,,,,,,,,,,,,,,,,,,,,,,,,,,,,,,,,,,,,,,,,,,,,,,,,,,,,,,,,,,,,,,,,,,,,,,,,,,,110,80,72,103,86,34,112,,,,,,,,,,,,,,,,,,0,,,,,
113,1006931,1992,Jeff King,PIT,27,130,480,522,111,74,21,2,14,56,65,27,3,56,2,5,8,8,4,6,0.231,,,,,,,,,,,0.052000000000000005,0.107,0.48,0.272,0.371,0.643,0.14,0.234,,,,,,,,,0.288,-11.2,45,-11.1,-1.0,14.8,-0.8,1.5,0.2,,3.4,80,-0.97,-10.91,9.95,-12.08,-1.34,1.17,1.8,7,-0.42,-0.41,,,,,,,,,,,,,,,,,,,,,,,,,,,,,,,,,,,,,,,,-1.6,,,,,,,,,,,,,,,,,,,,,,,,,,,,,,,,,,,,,,,,,,,,,,,,,,,,,,,,,,,,,,,,,,,,,,,,,,,,,,,,,,,,,,,,-1.8,-1.6,,27 - 27,-12.7,1.2,,,,,,,,0.18600000000000003,,,,,,,,,,,,,,,,,,,,,,,,,,,,,,,,,,,,,,,,,,,,,,,,,,,,,,,,,,,,,,,,,,,,,,,,,,,,89,61,74,84,97,114,81,,,,,,,,,,,,,,,,,,0,,,,,
111,1003974,1992,Junior Felix,CAL,24,139,509,559,125,89,22,5,9,63,72,33,5,128,2,9,5,9,8,8,0.246,,,,,,,,,,,0.059000000000000004,0.22899999999999998,0.26,0.289,0.361,0.651,0.116,0.304,,,,,,,,,0.291,-11.0,49,-14.4,-2.0,15.8,0.9,0.4,0.1,,5.1,77,-0.52,-9.7,9.17,4.18,0.37,1.02,1.86,7,1.57,-2.08,,,,,,,,,,,,,,,,,,,,,,,,,,,,,,,,,,,,,,,,-1.6,,,,,,,,,,,,,,,,,,,,,,,,,,,,,,,,,,,,,,,,,,,,,,,,,,,,,,,,,,,,,,,,,,,,,,,,,,,,,,,,,,,,,,,,-1.1,-1.6,,24 - 24,-16.0,1.6,,,,,,,,0.304,,,,,,,,,,,,,,,,,,,,,,,,,,,,,,,,,,,,,,,,,,,,,,,,,,,,,,,,,,,,,,,,,,,,,,,,,,,,95,67,163,88,94,92,107,,,,,,,,,,,,,,,,,,0,,,,,
53,1010807,1992,Kevin Reimer,TEX,28,148,494,547,132,82,32,2,16,56,58,42,5,103,10,1,0,10,2,4,0.267,,,,,,,,,,,0.077,0.188,0.41,0.336,0.437,0.774,0.17,0.309,,,,,,,,,0.348,12.7,72,10.8,-23.0,15.5,-7.8,-4.2,-0.3,,2.5,118,1.14,-9.65,10.79,8.71,0.87,1.05,1.94,15,0.96,0.12,,,,,,,,,,,,,,,,,,,,,,,,,,,,,,,,,,,,,,,,-1.3,,,,,,,,,,,,,,,,,,,,,,,,,,,,,,,,,,,,,,,,,,,,,,,,,,,,,,,,,,,,,,,,,,,,,,,,,,,,,,,,,,,,,,,,-30.8,-1.3,,28 - 28,9.6,1.6,,,,,,,,0.294,,,,,,,,,,,,,,,,,,,,,,,,,,,,,,,,,,,,,,,,,,,,,,,,,,,,,,,,,,,,,,,,,,,,,,,,,,,,103,87,134,102,114,135,108,,,,,,,,,,,,,,,,,,0,,,,,
116,1011481,1992,Steve Sax,CHW,32,143,567,630,134,100,26,4,4,74,47,43,4,42,2,6,12,17,30,12,0.236,,,,,,,,,,,0.068,0.067,1.02,0.29,0.317,0.607,0.081,0.247,,,,,,,,,0.276,-19.1,49,-20.4,-5.0,17.8,1.6,-2.9,-0.3,,6.2,71,-3.3,-12.48,9.18,-28.35,-3.07,1.04,2.16,1,-2.57,-0.6,,,,,,,,,,,,,,,,,,,,,,,,,,,,,,,,,,,,,,,,1.3,,,,,,,,,,,,,,,,,,,,,,,,,,,,,,,,,,,,,,,,,,,,,,,,,,,,,,,,,,,,,,,,,,,,,,,,,,,,,,,,,,,,,,,,-3.4,1.3,,32 - 32,-19.1,1.8,,,,,,,,0.141,,,,,,,,,,,,,,,,,,,,,,,,,,,,,,,,,,,,,,,,,,,,,,,,,,,,,,,,,,,,,,,,,,,,,,,,,,,,91,77,48,88,82,65,86,,,,,,,,,,,,,,,,,,0,,,,,
117,1008686,1992,Brian McRae,KCR,24,149,533,592,119,87,23,5,4,63,52,42,1,88,6,4,7,10,18,5,0.223,,,,,,,,,,,0.071,0.149,0.48,0.285,0.308,0.593,0.084,0.258,,,,,,,,,0.274,-19.1,45,-23.5,-6.0,16.7,2.2,-7.3,-0.7,,6.2,65,-0.71,-11.35,10.64,-18.7,-1.96,1.08,1.57,5,-1.83,1.17,,,,,,,,,,,,,,,,,,,,,,,,,,,,,,,,,,,,,,,,1.5,,,,,,,,,,,,,,,,,,,,,,,,,,,,,,,,,,,,,,,,,,,,,,,,,,,,,,,,,,,,,,,,,,,,,,,,,,,,,,,,,,,,,,,,-3.8,1.5,,24 - 24,-21.9,1.7,,,,,,,,0.226,,,,,,,,,,,,,,,,,,,,,,,,,,,,,,,,,,,,,,,,,,,,,,,,,,,,,,,,,,,,,,,,,,,,,,,,,,,,86,80,106,87,80,67,91,,,,,,,,,,,,,,,,,,0,,,,,
119,1007623,1992,Jose Lind,PIT,28,135,468,507,110,95,14,1,0,38,39,26,12,29,1,4,7,14,3,1,0.235,,,,,,,,,,,0.051,0.057,0.9,0.275,0.269,0.544,0.034,0.248,,,,,,,,,0.241,-28.9,26,-28.9,-2.0,14.3,1.6,-13.6,-1.5,,2.8,48,-2.93,-9.84,6.91,-26.49,-3.01,1.11,0.08,1,-2.92,0.27,,,,,,,,,,,,,,,,,,,,,,,,,,,,,,,,,,,,,,,,0.1,,,,,,,,,,,,,,,,,,,,,,,,,,,,,,,,,,,,,,,,,,,,,,,,,,,,,,,,,,,,,,,,,,,,,,,,,,,,,,,,,,,,,,,,-0.4,0.1,,28 - 28,-28.8,1.2,,,,,,,,0.10800000000000001,,,,,,,,,,,,,,,,,,,,,,,,,,,,,,,,,,,,,,,,,,,,,,,,,,,,,,,,,,,,,,,,,,,,,,,,,,,,91,61,40,85,71,28,86,,,,,,,,,,,,,,,,,,0,,,,,
